Tmin, 15, 
CP, TSUPPLY, TTARGET
1.97703,875,20
9.799296,704,35.1
1.27236,20,822
10.7328,145,707
0.88614,20,339