Tmin, 15, 
CP, TSUPPLY, TTARGET
2.063157895,875,20
9.796681118,704,35.1
1.241895262,20,822
10.71886121,145,707
0.89968652,20,339