{
  "plant": {
    "carb": {
      "T_flue_gas_reactor_in": 205.4049368320039,
      "m_water_in": 147.8319530063426,
      "flue_gas_composition": {
        "co2": 0.15384615384615385,
        "n2": 0.8020006898930666,
        "o2": 0.04415315626077957
      },
      "deconbonized_rate": 0.9,
      "vol_rate_flue_gas": 17.4416861462216,
      "T_carb": 650,
      "p_amb": 101325,
      "T_amb": 20,
      "T_delta_pinch": 15,
      "T_flue_gas_in": 40,
      "p_flue_gas_in": 101325,
      "T_decarbonized_flue_gas_out": 40,
      "T_water_supply_in": 60,
      "T_water_prod_out": 85,
      "p_carb_o": 103392.85714285714,
      "p_carb_i": 118392.85714285714,
      "p_carb": 110892.85714285714,
      "p_water_supply_in": 101325,
      "cao_conversion": 0.5,
      "HTCW": 0,
      "HRCP": 1,
      "is_succeed": 1,
      "T_cao_reactor_in": 42.10487158110703,
      "deconbonized_flue_gas_composition": {
        "co2": 0.017857142857142853,
        "n2": 0.9308936579115951,
        "o2": 0.051249199231262005
      },
      "T_water_reactor_in": 85,
      "m_flue_gas_in": 20.81565568013048,
      "m_co2_capture": 4.153934971007133,
      "m_cao_in": 10.573652653472704,
      "m_deconbonized_flue_gas_out": 16.661720709123347,
      "m_cao_unr_out": 5.286826326736352,
      "m_caco3_out": 9.440761297743485,
      "Q_carbonation": -16460742.637091566,
      "delta_H_Tcarb": -174358.21241477618,
      "p_flue_gas_fan_out": 119588.7445887446,
      "T_flue_gas_fan_out": 58.06411719560799,
      "flue_gas_fan_power": -386098.4890547549,
      "p_water_after_pump": 201325,
      "water_pump_power": -20969.07134841739,
      "Q_hot_water": 15491996.618223462,
      "conveying_power": -253012.4027795254,
      "pinch_analysis_text": "Tmin 15 \n        CP    TSUPPLY    TTARGET\n 14.612359 650.000000  20.000000\n 17.991380 650.000000  40.000000\n 21.208303  58.064117 205.404937\n  9.300986  20.000000  42.104872\n619.679865  60.000000  85.000000",
      "total_HEN_area": 364.63800000000003,
      "hot_utility": 0.0,
      "cold_utility": 1358085.485167748,
      "carb_auxiliary_power": -660079.9631826978,
      "carb_heat_rec_eff": 0.921884409565204,
      "invCosts": {
        "Ccarb": 3.371621887803102,
        "CFF": 0.7518955721599372,
        "CHENCarb": 1.09358652963569,
        "CWaterPump": 0.25539234970707897,
        "total": 5.472496339305808,
        "specific": 0.03701835921136086
      }
    },
    "calc": {
      "p_calc": 101325,
      "mfrac": 0.6651959414266634,
      "mass_camix_1": 9.796731514809544,
      "mass_camix_2": 4.930856109670295,
      "mass_cao_out": 10.573652653472704,
      "mass_co2_out": 4.153934971007134,
      "T_cao_o": 40,
      "T_co2_o": 35,
      "T_camix_1": 857.7081111520955,
      "T_camix_2": 819.9587741197066,
      "T_camix_reactor_in": 845.0694799051989,
      "delta_H_Tcalc": 170584.76918679866,
      "Qe_calc": 17258615.943544466,
      "We_calc": 17432945.397519663,
      "HEN_area_cao_camix": 2830.4771378508945,
      "HEN_area_co2_camix": 345.3481414985289,
      "total_HEN_area": 3175.8252793494235,
      "CO2_compression_train": {
        "compressor_Ti": 35,
        "compressor_To_stages": [
          93.95438673015866, 77.30483442382098, 77.58058758371487,
          78.1297166891627, 79.14305948097035, 80.08382370096854
        ],
        "compressor_Tc": 20,
        "compressor_pi_stages": [
          101325, 207622.32700089482, 425433.3152653984, 871743.9417627172,
          1786267.0193704206, 3660191.613191603
        ],
        "compressor_po_stages": [
          207622.32700089482, 425433.3152653984, 871743.9417627172,
          1786267.0193704206, 3660191.613191603, 7499999.999999997
        ],
        "compressor_power_stages": [
          221390.35561435053, 209494.5594113227, 206923.3021315169,
          201541.22494999535, 189955.88765365904, 162706.02479880257
        ],
        "compressor_cooling_energy_stages": [
          272199.13147293864, 212127.25834481083, 219598.18476987036,
          237196.0111076425, 288928.2027392053, 1031476.7509735358
        ],
        "compressor_power": -1192011.3545596472,
        "cooling_energy": 2261525.5394080034,
        "cooling_power": -18092.20431526403
      },
      "conveying_power": -253012.40277952544,
      "calc_auxiliary_power": -1463115.9616544365
    }
  },
  "metrics": {
    "energy": {
      "total_power": 19556141.322356798,
      "Q_hot_water": 15491996.618223462,
      "heat_storage_eff": 0.7921806435563461,
      "total_sep_power": 625160.8537267129,
      "sep_eff1": 0.037335235880927374,
      "sep_eff2": 0.04019676818822342
    },
    "economic": {
      "construction": {
        "equipment": {
          "Ccalc": 25.865704310455982,
          "CCO2ct": 13.13930574888178,
          "CHENCalc": 4.546500422042019,
          "Ccarb": 3.371621887803102,
          "CFF": 0.7518955721599372,
          "CHENCarb": 1.09358652963569,
          "CWaterPump": 0.25539234970707897,
          "total": 49.024006820685585
        },
        "installation": 2.4512003410342795,
        "labour": 25.737603580859933,
        "engineering&project": 18.016322506601952,
        "total as-spent": 107.60892057157535
      },
      "operation": {
        "labour": 2.690223014289384,
        "maintain": 2.690223014289384,
        "electricity": 11.083931997978775,
        "total as-spent": 16.464378026557544
      }
    }
  },
  "comparison": {
    "specific_capture_energy": 0.8609956112407172,
    "LCOH1": 126.75021217524024,
    "LCOH2": 131.83139865021764,
    "specific_capture_cost": -18.950157919257787
  }
}
