{
    "plant": {
        "carb": {
            "T_flue_gas_reactor_in": 60.000003492937466,
            "m_water_in": 147.8343752958835,
            "flue_gas_composition": {
                "co2": 0.15384615384615385,
                "n2": 0.8020006898930666,
                "o2": 0.04415315626077957
            },
            "deconbonized_rate": 0.9,
            "vol_rate_flue_gas": 17.245457869874418,
            "T_carb": 650,
            "p_amb": 101325,
            "T_amb": 20,
            "T_delta_pinch": 15,
            "T_flue_gas_in": 40,
            "p_flue_gas_in": 101325,
            "T_decarbonized_flue_gas_out": 40,
            "T_water_supply_in": 60,
            "T_water_prod_out": 85,
            "p_carb_o": 103392.85714285714,
            "p_carb_i": 118392.85714285714,
            "p_carb": 110892.85714285714,
            "p_water_supply_in": 101325,
            "cao_conversion": 0.2,
            "HTCW": 0,
            "HRCP": 1,
            "is_succeed": 1,
            "T_cao_reactor_in": 535.7164724917328,
            "deconbonized_flue_gas_composition": {
                "co2": 0.017857142857142853,
                "n2": 0.9308936579115951,
                "o2": 0.051249199231262005
            },
            "T_water_reactor_in": 85,
            "m_flue_gas_in": 20.581468446115075,
            "m_co2_capture": 4.107200985967757,
            "m_cao_in": 26.136733547067546,
            "m_deconbonized_flue_gas_out": 16.474267460147317,
            "m_cao_unr_out": 20.909386837654036,
            "m_caco3_out": 9.334547695381266,
            "Q_carbonation": -16275550.498671463,
            "delta_H_Tcarb": -174358.21241477618,
            "p_flue_gas_fan_out": 119588.7445887446,
            "T_flue_gas_fan_out": 58.06411719560799,
            "flue_gas_fan_power": -381754.67502368556,
            "p_water_after_pump": 201325,
            "water_pump_power": -20969.414935586312,
            "Q_hot_water": 15492250.46118916,
            "conveying_power": -563806.6808010285,
            "pinch_analysis_text": "Tmin 15 \n        CP    TSUPPLY    TTARGET\n 28.756341 650.000000  20.000000\n 17.788968 650.000000  40.000000\n 20.638194  58.064117  60.000003\n 23.693340  20.000000 535.716472\n619.690018  60.000000  85.000000",
            "total_HEN_area": 1077.5199999999998,
            "hot_utility": 9.951611056766955,
            "cold_utility": 1216525.9060846984,
            "carb_auxiliary_power": -966530.7707603003,
            "carb_heat_rec_eff": 0.9323888348122866,
            "invCosts": {
                "Ccarb": 3.352601967724929,
                "CFF": 0.7462173165075822,
                "CHENCarb": 2.260115530549382,
                "CWaterPump": 0.2553946512904533,
                "total": 6.614329466072347,
                "specific": 0.04474148487342054
            }
        },
        "calc": {
            "p_calc": 101325,
            "mfrac": 0.8325491978377533,
            "mass_camix_1": 25.179563434936064,
            "mass_camix_2": 5.064371098099236,
            "mass_cao_out": 26.136733547067543,
            "mass_co2_out": 4.107200985967756,
            "T_cao_o": 40,
            "T_co2_o": 35,
            "T_camix_1": 869.0671967192629,
            "T_camix_2": 829.972144236885,
            "T_camix_reactor_in": 862.5206988205135,
            "delta_H_Tcalc": 170584.76918679866,
            "Qe_calc": 17325018.638924986,
            "We_calc": 17500018.827196956,
            "HEN_area_cao_camix": 8307.492368623864,
            "HEN_area_co2_camix": 371.3854588786737,
            "total_HEN_area": 8678.877827502538,
            "CO2_compression_train": {
                "compressor_Ti": 35,
                "compressor_To_stages": [
                    93.95438673015866,
                    77.30483442382098,
                    77.58058758371487,
                    78.1297166891627,
                    79.14305948097035,
                    80.08382370096854
                ],
                "compressor_Tc": 20,
                "compressor_pi_stages": [
                    101325,
                    207622.32700089482,
                    425433.3152653984,
                    871743.9417627172,
                    1786267.0193704206,
                    3660191.613191603
                ],
                "compressor_po_stages": [
                    207622.32700089482,
                    425433.3152653984,
                    871743.9417627172,
                    1786267.0193704206,
                    3660191.613191603,
                    7499999.999999997
                ],
                "compressor_power_stages": [
                    218899.59597575295,
                    207137.6338278232,
                    204595.30456448506,
                    199273.77862323032,
                    187818.7825536253,
                    160875.49519691034
                ],
                "compressor_cooling_energy_stages": [
                    269136.74599344144,
                    209740.7134934534,
                    217127.58800960827,
                    234527.429410559,
                    285677.60628102475,
                    1019872.0871102555
                ],
                "compressor_power": -1178600.5907418272,
                "cooling_energy": 2236082.170298342,
                "cooling_power": -17888.657362386737
            },
            "conveying_power": -563806.6808010284,
            "calc_auxiliary_power": -1760295.9289052421,
            "calciner_capacity_factor": 1
        }
    },
    "metrics": {
        "energy": {
            "total_power": 20226845.5268625,
            "Q_hot_water": 15492250.46118916,
            "heat_storage_eff": 0.7659251879199105,
            "total_sep_power": 618127.4605250412,
            "sep_eff1": 0.035493591753248566,
            "sep_eff2": 0.03807004303151828
        },
        "economic": {
            "construction": {
                "equipment": {
                    "Ccalc": 25.913425523039656,
                    "CCO2ct": 13.02290174322779,
                    "CHENCalc": 8.916694925094209,
                    "Ccarb": 3.352601967724929,
                    "CFF": 0.7462173165075822,
                    "CHENCarb": 2.260115530549382,
                    "CWaterPump": 0.2553946512904533,
                    "total": 54.46735165743401
                },
                "installation": 2.7233675828717008,
                "labour": 28.595359620152855,
                "engineering&project": 20.016751734106997,
                "total as-spent": 119.55719857185908
            },
            "operation": {
                "labour": 2.988929964296477,
                "maintain": 2.988929964296477,
                "electricity": 11.464070373487493,
                "total as-spent": 17.441930302080447
            }
        }
    },
    "comparison": {
        "specific_capture_energy": 1.0340920735149823,
        "LCOH1": 136.38175544514422,
        "LCOH2": 131.82923857197144,
        "specific_capture_cost": 17.17196988142135
    }
}