{
    "plant": {
        "carb": {
            "T_flue_gas_reactor_in": 60.0000022801818,
            "m_water_in": 147.8343749567281,
            "flue_gas_composition": {
                "co2": 0.15384615384615385,
                "n2": 0.8020006898930666,
                "o2": 0.04415315626077957
            },
            "deconbonized_rate": 0.9,
            "vol_rate_flue_gas": 17.10416997340412,
            "T_carb": 650,
            "p_amb": 101325,
            "T_amb": 20,
            "T_delta_pinch": 15,
            "T_flue_gas_in": 40,
            "p_flue_gas_in": 101325,
            "T_decarbonized_flue_gas_out": 40,
            "T_water_supply_in": 60,
            "T_water_prod_out": 85,
            "p_carb_o": 103392.85714285714,
            "p_carb_i": 118392.85714285714,
            "p_carb": 110892.85714285714,
            "p_water_supply_in": 101325,
            "cao_conversion": 0.3,
            "HTCW": 0,
            "HRCP": 1,
            "is_succeed": 1,
            "T_cao_reactor_in": 477.59409541279194,
            "deconbonized_flue_gas_composition": {
                "co2": 0.017857142857142853,
                "n2": 0.9308936579115951,
                "o2": 0.051249199231262005
            },
            "T_water_reactor_in": 85,
            "m_flue_gas_in": 20.412849415819498,
            "m_co2_capture": 4.073551674243664,
            "m_cao_in": 17.281734375579184,
            "m_deconbonized_flue_gas_out": 16.339297741575834,
            "m_cao_unr_out": 12.09721406290543,
            "m_caco3_out": 9.25807198691742,
            "Q_carbonation": -16142208.820462363,
            "delta_H_Tcarb": -174358.21241477618,
            "p_flue_gas_fan_out": 119588.7445887446,
            "T_flue_gas_fan_out": 58.06411719560799,
            "flue_gas_fan_power": -378627.0506133171,
            "p_water_after_pump": 201325,
            "water_pump_power": -20969.414887479164,
            "Q_hot_water": 15492250.425647493,
            "conveying_power": -386370.20425402035,
            "pinch_analysis_text": "Tmin 15 \n        CP    TSUPPLY    TTARGET\n 20.636773 650.000000  20.000000\n 17.643227 650.000000  40.000000\n 20.469110  58.064117  60.000002\n 15.610277  20.000000 477.594095\n619.690017  60.000000  85.000000",
            "total_HEN_area": 705.411,
            "hot_utility": 9.96245253556903,
            "cold_utility": 1088498.5779258702,
            "carb_auxiliary_power": -785966.6697548166,
            "carb_heat_rec_eff": 0.9400907654145197,
            "invCosts": {
                "Ccarb": 3.3388401914666814,
                "CFF": 0.7421156610135142,
                "CHENCarb": 1.701617543245781,
                "CWaterPump": 0.2553946509681997,
                "total": 6.037968046694177,
                "specific": 0.040842788075922946
            }
        },
        "calc": {
            "p_calc": 101325,
            "mfrac": 0.7662454415925253,
            "mass_camix_1": 16.363390589581204,
            "mass_camix_2": 4.991895460241646,
            "mass_cao_out": 17.281734375579187,
            "mass_co2_out": 4.0735516742436655,
            "T_cao_o": 40,
            "T_co2_o": 35,
            "T_camix_1": 866.2299396783355,
            "T_camix_2": 819.9784331177675,
            "T_camix_reactor_in": 855.4184391865895,
            "delta_H_Tcalc": 170584.76918679866,
            "Qe_calc": 17038426.812449805,
            "We_calc": 17210532.133787684,
            "HEN_area_cao_camix": 5238.792172004526,
            "HEN_area_co2_camix": 338.71796614160957,
            "total_HEN_area": 5577.510138146135,
            "CO2_compression_train": {
                "compressor_Ti": 35,
                "compressor_To_stages": [
                    93.95438673015866,
                    77.30483442382098,
                    77.58058758371487,
                    78.1297166891627,
                    79.14305948097035,
                    80.08382370096854
                ],
                "compressor_Tc": 20,
                "compressor_pi_stages": [
                    101325,
                    207622.32700089482,
                    425433.3152653984,
                    871743.9417627172,
                    1786267.0193704206,
                    3660191.613191603
                ],
                "compressor_po_stages": [
                    207622.32700089482,
                    425433.3152653984,
                    871743.9417627172,
                    1786267.0193704206,
                    3660191.613191603,
                    7499999.999999997
                ],
                "compressor_power_stages": [
                    217106.20413385602,
                    205440.60491828702,
                    202919.10434830465,
                    197641.17639162793,
                    186280.02835499262,
                    159557.48088372164
                ],
                "compressor_cooling_energy_stages": [
                    266931.7732411263,
                    208022.35817709885,
                    215348.7138035987,
                    232606.00248086953,
                    283337.1182310889,
                    1011516.519925908
                ],
                "compressor_power": -1168944.59903079,
                "cooling_energy": 2217762.4858596902,
                "cooling_power": -17742.09988687752
            },
            "conveying_power": -386370.2042540204,
            "calc_auxiliary_power": -1573056.9031716879,
            "calciner_capacity_factor": 1
        }
    },
    "metrics": {
        "energy": {
            "total_power": 19569555.70671419,
            "Q_hot_water": 15492250.425647493,
            "heat_storage_eff": 0.7916505953342722,
            "total_sep_power": 613063.2906255182,
            "sep_eff1": 0.03658355003249065,
            "sep_eff2": 0.039326784316382264
        },
        "economic": {
            "construction": {
                "equipment": {
                    "Ccalc": 25.706775348959027,
                    "CCO2ct": 12.938913665393862,
                    "CHENCalc": 6.630531759866068,
                    "Ccarb": 3.3388401914666814,
                    "CFF": 0.7421156610135142,
                    "CHENCarb": 1.701617543245781,
                    "CWaterPump": 0.2553946509681997,
                    "total": 51.31418882091313
                },
                "installation": 2.565709441045657,
                "labour": 26.939949130979393,
                "engineering&project": 18.857964391685574,
                "total as-spent": 112.63592731662483
            },
            "operation": {
                "labour": 2.815898182915621,
                "maintain": 2.815898182915621,
                "electricity": 11.091534935672936,
                "total as-spent": 16.723331301504178
            }
        }
    },
    "comparison": {
        "specific_capture_energy": 0.881278660701024,
        "LCOH1": 130.00614309353378,
        "LCOH2": 131.82923887440847,
        "specific_capture_cost": -6.933471978723869
    }
}