{
    "plant": {
        "carb": {
            "T_flue_gas_reactor_in": 60.000001136201945,
            "m_water_in": 147.8343712485765,
            "flue_gas_composition": {
                "co2": 0.15384615384615385,
                "n2": 0.8020006898930666,
                "o2": 0.04415315626077957
            },
            "deconbonized_rate": 0.9,
            "vol_rate_flue_gas": 17.030651866107032,
            "T_carb": 650,
            "p_amb": 101325,
            "T_amb": 20,
            "T_delta_pinch": 15,
            "T_flue_gas_in": 40,
            "p_flue_gas_in": 101325,
            "T_decarbonized_flue_gas_out": 40,
            "T_water_supply_in": 60,
            "T_water_prod_out": 85,
            "p_carb_o": 103392.85714285714,
            "p_carb_i": 118392.85714285714,
            "p_carb": 110892.85714285714,
            "p_water_supply_in": 101325,
            "cao_conversion": 0.4,
            "HTCW": 0,
            "HRCP": 1,
            "is_succeed": 1,
            "T_cao_reactor_in": 418.76860240236783,
            "deconbonized_flue_gas_composition": {
                "co2": 0.017857142857142853,
                "n2": 0.9308936579115951,
                "o2": 0.051249199231262005
            },
            "T_water_reactor_in": 85,
            "m_flue_gas_in": 20.32510975608009,
            "m_co2_capture": 4.05604250486959,
            "m_cao_in": 12.905589788221425,
            "m_deconbonized_flue_gas_out": 16.269067251210497,
            "m_cao_unr_out": 7.743353872932855,
            "m_caco3_out": 9.218278420158162,
            "Q_carbonation": -16072825.46880484,
            "delta_H_Tcarb": -174358.21241477618,
            "p_flue_gas_fan_out": 119588.7445887446,
            "T_flue_gas_fan_out": 58.06411719560799,
            "flue_gas_fan_power": -376999.61448658,
            "p_water_after_pump": 201325,
            "water_pump_power": -20969.414361500214,
            "Q_hot_water": 15492250.037053071,
            "conveying_power": -298672.22081312444,
            "pinch_analysis_text": "Tmin 15 \n        CP    TSUPPLY    TTARGET\n 16.623027 650.000000  20.000000\n 17.567392 650.000000  40.000000\n 20.381129  58.064117  60.000001\n 11.615428  20.000000 418.768602\n619.690001  60.000000  85.000000",
            "total_HEN_area": 548.7479999999999,
            "hot_utility": 9.98557278328291,
            "cold_utility": 1025052.6038480923,
            "carb_auxiliary_power": -696641.2496612046,
            "carb_heat_rec_eff": 0.944148932204724,
            "invCosts": {
                "Ccarb": 3.331656868676789,
                "CFF": 0.7399769741630557,
                "CHENCarb": 1.4380882524936338,
                "CWaterPump": 0.2553946474448436,
                "total": 5.765116742778321,
                "specific": 0.038997133711784454
            }
        },
        "calc": {
            "p_calc": 101325,
            "mfrac": 0.7176408361271881,
            "mass_camix_1": 12.172359980895752,
            "mass_camix_2": 4.789272312195265,
            "mass_cao_out": 12.905589788221429,
            "mass_co2_out": 4.056042504869591,
            "T_cao_o": 40,
            "T_co2_o": 35,
            "T_camix_1": 855.702537520958,
            "T_camix_2": 833.898770086486,
            "T_camix_reactor_in": 849.5460439788832,
            "delta_H_Tcalc": 170584.76918679866,
            "Qe_calc": 16898301.862277932,
            "We_calc": 17068991.78007872,
            "HEN_area_cao_camix": 3365.6560139261583,
            "HEN_area_co2_camix": 380.1505532753257,
            "total_HEN_area": 3745.806567201484,
            "CO2_compression_train": {
                "compressor_Ti": 35,
                "compressor_To_stages": [
                    93.95438673015866,
                    77.30483442382098,
                    77.58058758371487,
                    78.1297166891627,
                    79.14305948097035,
                    80.08382370096854
                ],
                "compressor_Tc": 20,
                "compressor_pi_stages": [
                    101325,
                    207622.32700089482,
                    425433.3152653984,
                    871743.9417627172,
                    1786267.0193704206,
                    3660191.613191603
                ],
                "compressor_po_stages": [
                    207622.32700089482,
                    425433.3152653984,
                    871743.9417627172,
                    1786267.0193704206,
                    3660191.613191603,
                    7499999.999999997
                ],
                "compressor_power_stages": [
                    216173.02601207662,
                    204557.56853247894,
                    202046.9060183474,
                    196791.66394905536,
                    185479.34903917654,
                    158871.66192741433
                ],
                "compressor_cooling_energy_stages": [
                    265784.4320502554,
                    207128.22475393725,
                    214423.08982580138,
                    231606.20225233308,
                    282119.2626618475,
                    1007168.7626152448
                ],
                "compressor_power": -1163920.1754785492,
                "cooling_energy": 2208229.9741594195,
                "cooling_power": -17665.839793275358
            },
            "conveying_power": -298672.2208131245,
            "calc_auxiliary_power": -1480258.236084949,
            "calciner_capacity_factor": 1
        }
    },
    "metrics": {
        "energy": {
            "total_power": 19245891.265824873,
            "Q_hot_water": 15492250.037053071,
            "heat_storage_eff": 0.8049640218306138,
            "total_sep_power": 610428.1874401433,
            "sep_eff1": 0.037143703330937285,
            "sep_eff2": 0.03997483802158656
        },
        "economic": {
            "construction": {
                "equipment": {
                    "Ccalc": 25.605078770946676,
                    "CCO2ct": 12.895152545386361,
                    "CHENCalc": 5.078187067599109,
                    "Ccarb": 3.331656868676789,
                    "CFF": 0.7399769741630557,
                    "CHENCarb": 1.4380882524936338,
                    "CWaterPump": 0.2553946474448436,
                    "total": 49.34353512671047
                },
                "installation": 2.467176756335524,
                "labour": 25.905355941523,
                "engineering&project": 18.1337491590661,
                "total as-spent": 108.31029319150764
            },
            "operation": {
                "labour": 2.7077573297876913,
                "maintain": 2.7077573297876913,
                "electricity": 10.908090022187894,
                "total as-spent": 16.32360468176328
            }
        }
    },
    "comparison": {
        "specific_capture_energy": 0.8052848851961352,
        "LCOH1": 126.27929699686382,
        "LCOH2": 131.82924218110102,
        "specific_capture_cost": -21.198283396417658
    }
}