{
    "plant": {
        "carb": {
            "T_flue_gas_reactor_in": 60.00000443970368,
            "m_water_in": 147.8343717022261,
            "flue_gas_composition": {
                "co2": 0.15384615384615385,
                "n2": 0.8020006898930666,
                "o2": 0.04415315626077957
            },
            "deconbonized_rate": 0.9,
            "vol_rate_flue_gas": 16.949338231818608,
            "T_carb": 650,
            "p_amb": 101325,
            "T_amb": 20,
            "T_delta_pinch": 15,
            "T_flue_gas_in": 40,
            "p_flue_gas_in": 101325,
            "T_decarbonized_flue_gas_out": 40,
            "T_water_supply_in": 60,
            "T_water_prod_out": 85,
            "p_carb_o": 103392.85714285714,
            "p_carb_i": 118392.85714285714,
            "p_carb": 110892.85714285714,
            "p_water_supply_in": 101325,
            "cao_conversion": 0.6,
            "HTCW": 0,
            "HRCP": 1,
            "is_succeed": 1,
            "T_cao_reactor_in": 298.8377433547613,
            "deconbonized_flue_gas_composition": {
                "co2": 0.017857142857142853,
                "n2": 0.9308936579115951,
                "o2": 0.051249199231262005
            },
            "T_water_reactor_in": 85,
            "m_flue_gas_in": 20.22806658036542,
            "m_co2_capture": 4.036676742508161,
            "m_cao_in": 8.562647635623371,
            "m_deconbonized_flue_gas_out": 16.191389837857262,
            "m_cao_unr_out": 3.425059054249348,
            "m_caco3_out": 9.174265323882183,
            "Q_carbonation": -15996085.02090965,
            "delta_H_Tcarb": -174358.21241477618,
            "p_flue_gas_fan_out": 119588.7445887446,
            "T_flue_gas_fan_out": 58.06411719560799,
            "flue_gas_fan_power": -375199.6124067862,
            "p_water_after_pump": 201325,
            "water_pump_power": -20969.414425847677,
            "Q_hot_water": 15492250.08459312,
            "conveying_power": -211619.72013754904,
            "pinch_analysis_text": "Tmin 15 \n        CP    TSUPPLY    TTARGET\n 12.637357 650.000000  20.000000\n 17.483515 650.000000  40.000000\n 20.283818  58.064117  60.000004\n  7.650638  20.000000 298.837743\n619.690003  60.000000  85.000000",
            "total_HEN_area": 412.449,
            "hot_utility": 9.868565307936292,
            "cold_utility": 961685.0415587083,
            "carb_auxiliary_power": -607788.7469701829,
            "carb_heat_rec_eff": 0.9486784481979081,
            "invCosts": {
                "Ccarb": 3.3236937774328084,
                "CFF": 0.7376079590149635,
                "CHENCarb": 1.187691730633369,
                "CWaterPump": 0.2553946478758856,
                "total": 5.504388114957026,
                "specific": 0.03723347995176781
            }
        },
        "calc": {
            "p_calc": 101325,
            "mfrac": 0.6028401234007593,
            "mass_camix_1": 7.595378262879007,
            "mass_camix_2": 5.003946115252524,
            "mass_cao_out": 8.56264763562337,
            "mass_co2_out": 4.03667674250816,
            "T_cao_o": 40.32579841867482,
            "T_co2_o": 35,
            "T_camix_1": 880,
            "T_camix_2": 781.2875075705508,
            "T_camix_reactor_in": 840.7953586879165,
            "delta_H_Tcalc": 170584.76918679866,
            "Qe_calc": 16750826.782611746,
            "We_calc": 16920027.053143177,
            "HEN_area_cao_camix": 3382.9380810213406,
            "HEN_area_co2_camix": 260.0063757890988,
            "total_HEN_area": 3642.9444568104395,
            "CO2_compression_train": {
                "compressor_Ti": 35,
                "compressor_To_stages": [
                    93.95438673015866,
                    77.30483442382098,
                    77.58058758371487,
                    78.1297166891627,
                    79.14305948097035,
                    80.08382370096854
                ],
                "compressor_Tc": 20,
                "compressor_pi_stages": [
                    101325,
                    207622.32700089482,
                    425433.3152653984,
                    871743.9417627172,
                    1786267.0193704206,
                    3660191.613191603
                ],
                "compressor_po_stages": [
                    207622.32700089482,
                    425433.3152653984,
                    871743.9417627172,
                    1786267.0193704206,
                    3660191.613191603,
                    7499999.999999997
                ],
                "compressor_power_stages": [
                    215140.89791044174,
                    203580.89896930836,
                    201082.22372936344,
                    195852.0730561659,
                    184593.7693165446,
                    158113.1218363876
                ],
                "compressor_cooling_energy_stages": [
                    264515.4319980435,
                    206139.28147385223,
                    213399.3168753491,
                    230500.38773760168,
                    280772.2712060794,
                    1002359.9888188048
                ],
                "compressor_power": -1158362.9848182118,
                "cooling_energy": 2197686.6781097306,
                "cooling_power": -17581.493424877845
            },
            "conveying_power": -211619.72013754898,
            "calc_auxiliary_power": -1387564.1983806386,
            "calciner_capacity_factor": 1
        }
    },
    "metrics": {
        "energy": {
            "total_power": 18915379.998494,
            "Q_hot_water": 15492250.08459312,
            "heat_storage_eff": 0.8190292812423846,
            "total_sep_power": 607513.6698524967,
            "sep_eff1": 0.037725053203055414,
            "sep_eff2": 0.04064899185770686
        },
        "economic": {
            "construction": {
                "equipment": {
                    "Ccalc": 25.497573036283224,
                    "CCO2ct": 12.846704190326422,
                    "CHENCalc": 4.984326935494718,
                    "Ccarb": 3.3236937774328084,
                    "CFF": 0.7376079590149635,
                    "CHENCarb": 1.187691730633369,
                    "CWaterPump": 0.2553946478758856,
                    "total": 48.8329922770614
                },
                "installation": 2.44164961385307,
                "labour": 25.637320945457237,
                "engineering&project": 17.946124661820065,
                "total as-spent": 107.1896388729567
            },
            "operation": {
                "labour": 2.679740971823918,
                "maintain": 2.679740971823918,
                "electricity": 10.720764498646437,
                "total as-spent": 16.080246442294275
            }
        }
    },
    "comparison": {
        "specific_capture_energy": 0.727271129897205,
        "LCOH1": 124.58403947034711,
        "LCOH2": 131.82924177656523,
        "specific_capture_cost": -27.806161652582464
    }
}