Tmin, 20, 
CP, TSUPPLY, TTARGET
0.714546,525,20.000000
0.514004,525, 105.000000
11.736605,223.920439, 160.000000
1.081148,95.000000, 20.000000
1.392977,20.000000,525
29.339775,60.000000,85.000000
