{
    "plant": {
        "carb": {
            "T_flue_gas_reactor_in": 60.00000140160404,
            "m_water_in": 147.98228339125265,
            "flue_gas_composition": {
                "co2": 0.15384615384615385,
                "n2": 0.8020006898930666,
                "o2": 0.04415315626077957
            },
            "deconbonized_rate": 0.9,
            "vol_rate_flue_gas": 17.00056851089935,
            "T_carb": 650,
            "p_amb": 101325,
            "T_amb": 20,
            "T_delta_pinch": 15,
            "T_flue_gas_in": 40,
            "p_flue_gas_in": 101325,
            "T_decarbonized_flue_gas_out": 40,
            "T_water_supply_in": 60,
            "T_water_prod_out": 85,
            "p_carb_o": 103392.85714285714,
            "p_carb_i": 118392.85714285714,
            "p_carb": 110892.85714285714,
            "p_water_supply_in": 101325,
            "cao_conversion": 0.5,
            "HTCW": 0,
            "HRCP": 1,
            "is_succeed": 1,
            "T_cao_reactor_in": 359.1987568382587,
            "deconbonized_flue_gas_composition": {
                "co2": 0.017857142857142853,
                "n2": 0.9308936579115951,
                "o2": 0.051249199231262005
            },
            "T_water_reactor_in": 85,
            "m_flue_gas_in": 20.289206990805194,
            "m_co2_capture": 4.048877813325734,
            "m_cao_in": 10.30623443392005,
            "m_deconbonized_flue_gas_out": 16.24032917747946,
            "m_cao_unr_out": 5.153117216960025,
            "m_caco3_out": 9.20199503028576,
            "Q_carbonation": -16044434.041302793,
            "delta_H_Tcarb": -174358.21241477618,
            "p_flue_gas_fan_out": 119588.7445887446,
            "T_flue_gas_fan_out": 58.06411719560799,
            "flue_gas_fan_power": -376333.67325280205,
            "p_water_after_pump": 201325,
            "water_pump_power": -20990.39480726988,
            "Q_hot_water": 15507750.43711905,
            "conveying_power": -246613.46681165835,
            "pinch_analysis_text": "Tmin 15 \n        CP    TSUPPLY    TTARGET\n 14.242798 650.000000  20.000000\n 17.536360 650.000000  40.000000\n 20.345127  58.064117  60.000001\n  9.242269  20.000000 359.198757\n620.310017  60.000000  85.000000",
            "total_HEN_area": 464.9190000000001,
            "hot_utility": 9.992004762350202,
            "cold_utility": 988049.9445078583,
            "carb_auxiliary_power": -643937.5348717304,
            "carb_heat_rec_eff": 0.9467659667314445,
            "invCosts": {
                "Ccarb": 3.328713008454435,
                "CFF": 0.7391009528564318,
                "CHENCarb": 1.286910811636533,
                "CWaterPump": 0.2555351567735735,
                "total": 5.610259929720973,
                "specific": 0.03791169997619188
            }
        },
        "calc": {
            "p_calc": 101325,
            "mfrac": 0.6651959413194453,
            "mass_camix_1": 9.548962404052958,
            "mass_camix_2": 4.806149843192828,
            "mass_cao_out": 10.30623443392005,
            "mass_co2_out": 4.048877813325734,
            "T_cao_o": 40,
            "T_co2_o": 35,
            "T_camix_1": 857.7081112867327,
            "T_camix_2": 819.9587738642665,
            "T_camix_reactor_in": 845.0694799051893,
            "delta_H_Tcalc": 170584.76918679866,
            "Qe_calc": 16822128.336203985,
            "We_calc": 16992048.82444847,
            "HEN_area_cao_camix": 2758.8915534441835,
            "HEN_area_co2_camix": 336.6139419416718,
            "total_HEN_area": 3095.5054953858553,
            "CO2_compression_train": {
                "compressor_Ti": 35,
                "compressor_To_stages": [
                    93.95438673015866,
                    77.30483442382098,
                    77.58058758371487,
                    78.1297166891627,
                    79.14305948097035,
                    80.08382370096854
                ],
                "compressor_Tc": 20,
                "compressor_pi_stages": [
                    101325,
                    207622.32700089482,
                    425433.3152653984,
                    871743.9417627172,
                    1786267.0193704206,
                    3660191.613191603
                ],
                "compressor_po_stages": [
                    207622.32700089482,
                    425433.3152653984,
                    871743.9417627172,
                    1786267.0193704206,
                    3660191.613191603,
                    7499999.999999997
                ],
                "compressor_power_stages": [
                    215791.17275249682,
                    204196.23309781888,
                    201690.00547865278,
                    196444.04639600837,
                    185151.71383268505,
                    158591.0271827332
                ],
                "compressor_cooling_energy_stages": [
                    265314.9440035909,
                    206762.34844997665,
                    214044.32769580933,
                    231197.08745711338,
                    281620.9203754622,
                    1005389.6753625637
                ],
                "compressor_power": -1161864.198740395,
                "cooling_energy": 2204329.303344516,
                "cooling_power": -17634.63442675613
            },
            "conveying_power": -246613.46681165835,
            "calc_auxiliary_power": -1426112.2999788094,
            "calciner_capacity_factor": 1
        }
    },
    "metrics": {
        "energy": {
            "total_power": 19062098.65929901,
            "Q_hot_water": 15507750.43711905,
            "heat_storage_eff": 0.813538462594933,
            "total_sep_power": 609349.9123314793,
            "sep_eff1": 0.037503937728807744,
            "sep_eff2": 0.04039238886057663
        },
        "economic": {
            "construction": {
                "equipment": {
                    "Ccalc": 25.549611318877698,
                    "CCO2ct": 12.87723402458371,
                    "CHENCalc": 4.4691349724729,
                    "Ccarb": 3.328713008454435,
                    "CFF": 0.7391009528564318,
                    "CHENCarb": 1.286910811636533,
                    "CWaterPump": 0.2555351567735735,
                    "total": 48.506240245655285
                },
                "installation": 2.4253120122827645,
                "labour": 25.465776128969026,
                "engineering&project": 17.826043290278317,
                "total as-spent": 106.4724099952195
            },
            "operation": {
                "labour": 2.6618102498804874,
                "maintain": 2.6618102498804874,
                "electricity": 12.964705161149034,
                "total as-spent": 18.288325660910008
            }
        }
    },
    "comparison": {
        "specific_capture_energy": 0.7613164087623461,
        "LCOH1": 135.7020780446712,
        "LCOH2": 141.14306617737174,
        "specific_capture_cost": -20.839721518772873
    }
}