{
  "plant": {
    "carb": {
      "T_flue_gas_reactor_in": 516.6289868992809,
      "T_cao_reactor_in": 634.8133263727347,
      "T_water_reactor_in": 33.88885056829548,
      "flue_gas_composition": {
        "co2": 0.15384615384615385,
        "n2": 0.8020006898930666,
        "o2": 0.04415315626077957
      },
      "deconbonized_rate": 0.9,
      "vol_rate_flue_gas": 1.6666666666666667,
      "T_carb": 650,
      "p_amb": 101325,
      "T_amb": 20,
      "T_delta_pinch": 15,
      "T_flue_gas_in": 40,
      "p_flue_gas_in": 101325,
      "T_decarbonized_flue_gas_out": 40,
      "T_water_reactor_out": 80,
      "p_carb_o": 103392.85714285714,
      "p_carb_i": 118392.85714285714,
      "p_carb": 110892.85714285714,
      "p_water": 101325,
      "cao_conversion": 0.5,
      "HTCW": 1,
      "HRCP": 1,
      "deconbonized_flue_gas_composition": {
        "co2": 0.017857142857142853,
        "n2": 0.9308936579115951,
        "o2": 0.051249199231262005
      },
      "m_flue_gas_in": 1.9890714221113102,
      "m_water_in": 6.415843587856649,
      "m_co2_capture": 0.3969355309823837,
      "m_cao_in": 1.0103813515915223,
      "m_deconbonized_flue_gas_out": 1.5921358911289265,
      "m_cao_unr_out": 0.5051906757957612,
      "m_caco3_out": 0.9021262067781448,
      "Q_carbonation": -1572931.1278636006,
      "delta_H_Tcarb": -174358.21241477618,
      "p_flue_gas_fan_out": 119588.7445887446,
      "T_flue_gas_fan_out": 58.06411719560799,
      "flue_gas_fan_power": -36894.22435211782,
      "pinch_analysis_text": "Tmin 15 \n       CP    TSUPPLY    TTARGET\n 1.396306 650.000000  20.000000\n 1.719194 650.000000  40.000000\n 2.112014  58.064117 516.628987\n 0.921332  20.000000 634.813326\n26.824399  20.000000  33.888851",
      "total_HEN_area": 96.613,
      "hot_utility": 66.16749396116006,
      "cold_utility": 20944.59000000003,
      "Q_hot_water": 1610684.461961838,
      "conveying_power": -24176.982341654282,
      "carb_auxiliary_power": -61071.206693772096,
      "carb_heat_rec_eff": 1.0030423357018552
    },
    "calc": {
      "p_calc": 101325,
      "mfrac": 0.6651959414311627,
      "mass_camix_1": 0.9361414785957184,
      "mass_camix_2": 0.4711754039781876,
      "mass_cao_out": 1.0103813515915223,
      "mass_co2_out": 0.3969355309823837,
      "T_cao_o": 40,
      "T_co2_o": 35,
      "T_camix_1": 857.7081111464458,
      "T_camix_2": 819.9587741304259,
      "T_camix_reactor_in": 845.0694799051995,
      "delta_H_Tcalc": 170584.76918679866,
      "Qe_calc": 1649173.1169086918,
      "We_calc": 1665831.4312209007,
      "HEN_area_cao_camix": 270.47051853332664,
      "HEN_area_co2_camix": 33.00026333775053,
      "total_HEN_area": 303.4707818710772,
      "CO2_compression_train": {
        "compressor_Ti": 35,
        "compressor_To_stages": [
          93.95438673015866, 77.30483442382098, 77.58058758371487,
          78.1297166891627, 79.14305948097035, 80.08382370096854
        ],
        "compressor_Tc": 20,
        "compressor_pi_stages": [
          101325, 207622.32700089482, 425433.3152653984, 871743.9417627172,
          1786267.0193704206, 3660191.613191603
        ],
        "compressor_po_stages": [
          207622.32700089482, 425433.3152653984, 871743.9417627172,
          1786267.0193704206, 3660191.613191603, 7499999.999999997
        ],
        "compressor_power_stages": [
          21155.289857331296, 20018.569081665843, 19772.868708218593,
          19258.576193110333, 18151.521787245063, 15547.619979204213
        ],
        "compressor_cooling_energy_stages": [
          26010.39918493443, 20270.140605142893, 20984.03626507961,
          22665.623143611258, 27608.970860289217, 98564.31906164312
        ],
        "compressor_power": -113904.44560677533,
        "cooling_energy": 216103.48912070054,
        "cooling_power": -1728.8279129656044
      },
      "conveying_power": -24176.982341654282,
      "calc_auxiliary_power": -139810.2558613952
    }
  },
  "metrics": {
    "economic": {
      "Ccalc": 2.2232805441133023,
      "CCO2ct": 0.30383126378512676,
      "CHENCalc": 0.13820920034407877,
      "Ccarb": 2.701308370867724,
      "CFF": 0.022856895662140813,
      "CHENCarb": 0.06583620998038792,
      "total": 5.455322484752761
    },
    "energy": {
      "total_power": 1866712.893776068,
      "Q_hot_water": 1610684.461961838,
      "heat_storage_eff": 0.8628453080985986,
      "total_sep_power": 59738.18972983315,
      "sep_eff1": 0.037499057128259926,
      "sep_eff2": 0.0403867275855818
    }
  }
}
