{
    "plant": {
        "carb": {
            "T_flue_gas_reactor_in": 60.00000140160404,
            "m_water_in": 147.98228339125265,
            "flue_gas_composition": {
                "co2": 0.15384615384615385,
                "n2": 0.8020006898930666,
                "o2": 0.04415315626077957
            },
            "deconbonized_rate": 0.9,
            "vol_rate_flue_gas": 17.00056851089935,
            "T_carb": 650,
            "p_amb": 101325,
            "T_amb": 20,
            "T_delta_pinch": 15,
            "T_flue_gas_in": 40,
            "p_flue_gas_in": 101325,
            "T_decarbonized_flue_gas_out": 40,
            "T_water_supply_in": 60,
            "T_water_prod_out": 85,
            "p_carb_o": 103392.85714285714,
            "p_carb_i": 118392.85714285714,
            "p_carb": 110892.85714285714,
            "p_water_supply_in": 101325,
            "cao_conversion": 0.5,
            "HTCW": 0,
            "HRCP": 1,
            "is_succeed": 1,
            "T_cao_reactor_in": 359.1987568382587,
            "deconbonized_flue_gas_composition": {
                "co2": 0.017857142857142853,
                "n2": 0.9308936579115951,
                "o2": 0.051249199231262005
            },
            "T_water_reactor_in": 85,
            "m_flue_gas_in": 20.289206990805194,
            "m_co2_capture": 4.048877813325734,
            "m_cao_in": 10.30623443392005,
            "m_deconbonized_flue_gas_out": 16.24032917747946,
            "m_cao_unr_out": 5.153117216960025,
            "m_caco3_out": 9.20199503028576,
            "Q_carbonation": -16044434.041302793,
            "delta_H_Tcarb": -174358.21241477618,
            "p_flue_gas_fan_out": 119588.7445887446,
            "T_flue_gas_fan_out": 58.06411719560799,
            "flue_gas_fan_power": -376333.67325280205,
            "p_water_after_pump": 201325,
            "water_pump_power": -20990.39480726988,
            "Q_hot_water": 15507750.43711905,
            "conveying_power": -246613.46681165835,
            "pinch_analysis_text": "Tmin 15 \n        CP    TSUPPLY    TTARGET\n 14.242798 650.000000  20.000000\n 17.536360 650.000000  40.000000\n 20.345127  58.064117  60.000001\n  9.242269  20.000000 359.198757\n620.310017  60.000000  85.000000",
            "total_HEN_area": 464.9190000000001,
            "hot_utility": 9.992004762350202,
            "cold_utility": 988049.9445078583,
            "carb_auxiliary_power": -643937.5348717304,
            "carb_heat_rec_eff": 0.9467659667314445,
            "invCosts": {
                "Ccarb": 3.328713008454435,
                "CFF": 0.7391009528564318,
                "CHENCarb": 1.286910811636533,
                "CWaterPump": 0.2555351567735735,
                "total": 5.610259929720973,
                "specific": 0.03791169997619188
            }
        },
        "calc": {
            "p_calc": 101325,
            "mfrac": 0.6651959414217068,
            "mass_camix_1": 23.872406013802333,
            "mass_camix_2": 12.01537460431213,
            "mass_cao_out": 25.765586084800127,
            "mass_co2_out": 10.122194533314335,
            "T_cao_o": 40,
            "T_co2_o": 35,
            "T_camix_1": 857.7081111583196,
            "T_camix_2": 819.958774107898,
            "T_camix_reactor_in": 845.0694799051986,
            "delta_H_Tcalc": 170584.76918679866,
            "Qe_calc": 42055320.84050949,
            "We_calc": 42480122.0611207,
            "HEN_area_cao_camix": 6897.228871844392,
            "HEN_area_co2_camix": 841.5348564766923,
            "total_HEN_area": 7738.763728321084,
            "CO2_compression_train": {
                "compressor_Ti": 35,
                "compressor_To_stages": [
                    93.95438673015866,
                    77.30483442382098,
                    77.58058758371487,
                    78.1297166891627,
                    79.14305948097035,
                    80.08382370096854
                ],
                "compressor_Tc": 20,
                "compressor_pi_stages": [
                    101325,
                    207622.32700089482,
                    425433.3152653984,
                    871743.9417627172,
                    1786267.0193704206,
                    3660191.613191603
                ],
                "compressor_po_stages": [
                    207622.32700089482,
                    425433.3152653984,
                    871743.9417627172,
                    1786267.0193704206,
                    3660191.613191603,
                    7499999.999999997
                ],
                "compressor_power_stages": [
                    539477.9318812421,
                    510490.5827445472,
                    504225.013696632,
                    491110.1159900209,
                    462879.2845817127,
                    396477.567956833
                ],
                "compressor_cooling_energy_stages": [
                    663287.3600089774,
                    516905.8711249417,
                    535110.8192395234,
                    577992.7186427835,
                    704052.3009386556,
                    2513474.188406409
                ],
                "compressor_power": -2904660.496850988,
                "cooling_energy": 5510823.258361291,
                "cooling_power": -44086.58606689033
            },
            "conveying_power": -616533.6670291459,
            "calc_auxiliary_power": -3565280.749947024,
            "calciner_capacity_factor": 2.5
        }
    },
    "metrics": {
        "energy": {
            "total_power": 19062098.65929882,
            "Q_hot_water": 15507750.43711905,
            "heat_storage_eff": 0.8135384625949411,
            "total_sep_power": 609349.9123314793,
            "sep_eff1": 0.03750393772880818,
            "sep_eff2": 0.04566825587734236
        },
        "economic": {
            "construction": {
                "equipment": {
                    "Ccalc": 39.66390797853075,
                    "CCO2ct": 26.47295401432658,
                    "CHENCalc": 8.257399115688466,
                    "Ccarb": 3.328713008454435,
                    "CFF": 0.7391009528564318,
                    "CHENCarb": 1.286910811636533,
                    "CWaterPump": 0.2555351567735735,
                    "total": 80.00452103826677
                },
                "installation": 4.000226051913339,
                "labour": 42.00237354509006,
                "engineering&project": 29.40166148156304,
                "total as-spent": 175.6119237920215
            },
            "operation": {
                "labour": 4.390298094800538,
                "maintain": 4.390298094800538,
                "electricity": 10.803920967624089,
                "total as-spent": 19.584517157225164
            }
        }
    },
    "comparison": {
        "specific_capture_energy": 0.7613164087622991,
        "LCOH1": 168.65373928336552,
        "LCOH2": 131.6974754234086,
        "specific_capture_cost": 141.5474962327363
    }
}