{
    "plant": {
        "carb": {
            "T_flue_gas_reactor_in": 60.00000140160404,
            "m_water_in": 147.98228339125265,
            "flue_gas_composition": {
                "co2": 0.15384615384615385,
                "n2": 0.8020006898930666,
                "o2": 0.04415315626077957
            },
            "deconbonized_rate": 0.9,
            "vol_rate_flue_gas": 17.00056851089935,
            "T_carb": 650,
            "p_amb": 101325,
            "T_amb": 20,
            "T_delta_pinch": 15,
            "T_flue_gas_in": 40,
            "p_flue_gas_in": 101325,
            "T_decarbonized_flue_gas_out": 40,
            "T_water_supply_in": 60,
            "T_water_prod_out": 85,
            "p_carb_o": 103392.85714285714,
            "p_carb_i": 118392.85714285714,
            "p_carb": 110892.85714285714,
            "p_water_supply_in": 101325,
            "cao_conversion": 0.5,
            "HTCW": 0,
            "HRCP": 1,
            "is_succeed": 1,
            "T_cao_reactor_in": 359.1987568382587,
            "deconbonized_flue_gas_composition": {
                "co2": 0.017857142857142853,
                "n2": 0.9308936579115951,
                "o2": 0.051249199231262005
            },
            "T_water_reactor_in": 85,
            "m_flue_gas_in": 20.289206990805194,
            "m_co2_capture": 4.048877813325734,
            "m_cao_in": 10.30623443392005,
            "m_deconbonized_flue_gas_out": 16.24032917747946,
            "m_cao_unr_out": 5.153117216960025,
            "m_caco3_out": 9.20199503028576,
            "Q_carbonation": -16044434.041302793,
            "delta_H_Tcarb": -174358.21241477618,
            "p_flue_gas_fan_out": 119588.7445887446,
            "T_flue_gas_fan_out": 58.06411719560799,
            "flue_gas_fan_power": -376333.67325280205,
            "p_water_after_pump": 201325,
            "water_pump_power": -20990.39480726988,
            "Q_hot_water": 15507750.43711905,
            "conveying_power": -246613.46681165835,
            "pinch_analysis_text": "Tmin 15 \n        CP    TSUPPLY    TTARGET\n 14.242798 650.000000  20.000000\n 17.536360 650.000000  40.000000\n 20.345127  58.064117  60.000001\n  9.242269  20.000000 359.198757\n620.310017  60.000000  85.000000",
            "total_HEN_area": 464.9190000000001,
            "hot_utility": 9.992004762350202,
            "cold_utility": 988049.9445078583,
            "carb_auxiliary_power": -643937.5348717304,
            "carb_heat_rec_eff": 0.9467659667314445,
            "invCosts": {
                "Ccarb": 3.328713008454435,
                "CFF": 0.7391009528564318,
                "CHENCarb": 1.286910811636533,
                "CWaterPump": 0.2555351567735735,
                "total": 5.610259929720973,
                "specific": 0.03791169997619188
            }
        },
        "calc": {
            "p_calc": 101325,
            "mfrac": 0.6651959414478983,
            "mass_camix_1": 28.646887217690743,
            "mass_camix_2": 14.418449524046611,
            "mass_cao_out": 30.918703301760154,
            "mass_co2_out": 12.146633439977203,
            "T_cao_o": 40,
            "T_co2_o": 35,
            "T_camix_1": 857.7081111254304,
            "T_camix_2": 819.9587741702974,
            "T_camix_reactor_in": 845.069479905201,
            "delta_H_Tcalc": 170584.76918679866,
            "Qe_calc": 50466385.00861125,
            "We_calc": 50976146.47334469,
            "HEN_area_cao_camix": 8276.674642597029,
            "HEN_area_co2_camix": 1009.8418282707048,
            "total_HEN_area": 9286.516470867733,
            "CO2_compression_train": {
                "compressor_Ti": 35,
                "compressor_To_stages": [
                    93.95438673015866,
                    77.30483442382098,
                    77.58058758371487,
                    78.1297166891627,
                    79.14305948097035,
                    80.08382370096854
                ],
                "compressor_Tc": 20,
                "compressor_pi_stages": [
                    101325,
                    207622.32700089482,
                    425433.3152653984,
                    871743.9417627172,
                    1786267.0193704206,
                    3660191.613191603
                ],
                "compressor_po_stages": [
                    207622.32700089482,
                    425433.3152653984,
                    871743.9417627172,
                    1786267.0193704206,
                    3660191.613191603,
                    7499999.999999997
                ],
                "compressor_power_stages": [
                    647373.5182574905,
                    612588.6992934567,
                    605070.0164359584,
                    589332.1391880251,
                    555455.1414980552,
                    475773.08154819964
                ],
                "compressor_cooling_energy_stages": [
                    795944.8320107729,
                    620287.0453499301,
                    642132.9830874281,
                    693591.2623713402,
                    844862.7611263868,
                    3016169.026087691
                ],
                "compressor_power": -3485592.5962211858,
                "cooling_energy": 6612987.910033549,
                "cooling_power": -52903.903280268394
            },
            "conveying_power": -739840.4004349752,
            "calc_auxiliary_power": -4278336.899936429,
            "calciner_capacity_factor": 3
        }
    },
    "metrics": {
        "energy": {
            "total_power": 19062098.65929877,
            "Q_hot_water": 15507750.43711905,
            "heat_storage_eff": 0.8135384625949432,
            "total_sep_power": 609349.9123314793,
            "sep_eff1": 0.03750393772880829,
            "sep_eff2": 0.04774709059102418
        },
        "economic": {
            "construction": {
                "equipment": {
                    "Ccalc": 43.291486650551086,
                    "CCO2ct": 30.554730342946648,
                    "CHENCalc": 9.330280733484878,
                    "Ccarb": 3.328713008454435,
                    "CFF": 0.7391009528564318,
                    "CHENCarb": 1.286910811636533,
                    "CWaterPump": 0.2555351567735735,
                    "total": 88.78675765670359
                },
                "installation": 4.439337882835179,
                "labour": 46.61304776976938,
                "engineering&project": 32.629133438838565,
                "total as-spent": 194.88915272540575
            },
            "operation": {
                "labour": 4.872228818135144,
                "maintain": 4.872228818135144,
                "electricity": 10.80392096762406,
                "total as-spent": 20.54837860389435
            }
        }
    },
    "comparison": {
        "specific_capture_energy": 0.7613164087622871,
        "LCOH1": 180.98280756021393,
        "LCOH2": 131.6974754234086,
        "specific_capture_cost": 188.76949767972948
    }
}