{
    "plant": {
        "carb": {
            "T_flue_gas_reactor_in": 75.0000013292129,
            "m_water_in": 147.58044735411545,
            "flue_gas_composition": {
                "co2": 0.15384615384615385,
                "n2": 0.8020006898930666,
                "o2": 0.04415315626077957
            },
            "deconbonized_rate": 0.9,
            "vol_rate_flue_gas": 17.051058201519353,
            "T_carb": 650,
            "p_amb": 101325,
            "T_amb": 20,
            "T_delta_pinch": 15,
            "T_flue_gas_in": 40,
            "p_flue_gas_in": 101325,
            "T_decarbonized_flue_gas_out": 40,
            "T_water_supply_in": 75,
            "T_water_prod_out": 100,
            "p_carb_o": 103392.85714285714,
            "p_carb_i": 118392.85714285714,
            "p_carb": 110892.85714285714,
            "p_water_supply_in": 101325,
            "cao_conversion": 0.5,
            "HTCW": 0,
            "HRCP": 1,
            "is_succeed": 1,
            "T_cao_reactor_in": 328.0532913677367,
            "deconbonized_flue_gas_composition": {
                "co2": 0.017857142857142853,
                "n2": 0.9308936579115951,
                "o2": 0.051249199231262005
            },
            "T_water_reactor_in": 100,
            "m_flue_gas_in": 20.34946355123929,
            "m_co2_capture": 4.060902504618967,
            "m_cao_in": 10.336842739030098,
            "m_deconbonized_flue_gas_out": 16.288561046620323,
            "m_cao_unr_out": 5.168421369515049,
            "m_caco3_out": 9.229323874134016,
            "Q_carbonation": -16092084.124910237,
            "delta_H_Tcarb": -174358.21241477618,
            "p_flue_gas_fan_out": 119588.7445887446,
            "T_flue_gas_fan_out": 58.06411719560799,
            "flue_gas_fan_power": -377451.3400367241,
            "p_water_after_pump": 201325,
            "water_pump_power": -20933.396787817797,
            "Q_hot_water": 15507749.876681475,
            "conveying_power": -247345.87982679167,
            "pinch_analysis_text": "Tmin 15 \n        CP    TSUPPLY    TTARGET\n 14.285097 650.000000  20.000000\n 17.588441 650.000000  40.000000\n 20.412894  58.064117  75.000001\n  9.252760  20.000000 328.053291\n620.309995  75.000000 100.000000",
            "total_HEN_area": 585.6170000000002,
            "hot_utility": 9.984246055393251,
            "cold_utility": 1024766.6555245979,
            "carb_auxiliary_power": -645730.6166513336,
            "carb_heat_rec_eff": 0.9439624770482873,
            "invCosts": {
                "Ccarb": 3.333652287131154,
                "CFF": 0.7405709119179501,
                "CHENCarb": 1.502127594868498,
                "CWaterPump": 0.2551532845093608,
                "total": 5.831504078426963,
                "specific": 0.039514069668283504
            }
        },
        "calc": {
            "p_calc": 101325,
            "mfrac": 0.6651959414026052,
            "mass_camix_1": 9.57732170142402,
            "mass_camix_2": 4.820423542225044,
            "mass_cao_out": 10.336842739030098,
            "mass_co2_out": 4.060902504618967,
            "T_cao_o": 40,
            "T_co2_o": 35,
            "T_camix_1": 857.7081111823063,
            "T_camix_2": 819.9587740623895,
            "T_camix_reactor_in": 845.0694799051968,
            "delta_H_Tcalc": 170584.76918679866,
            "Qe_calc": 16872088.080474764,
            "We_calc": 17042513.21260077,
            "HEN_area_cao_camix": 2767.0851333023356,
            "HEN_area_co2_camix": 337.6136463206904,
            "total_HEN_area": 3104.698779623026,
            "CO2_compression_train": {
                "compressor_Ti": 35,
                "compressor_To_stages": [
                    93.95438673015866,
                    77.30483442382098,
                    77.58058758371487,
                    78.1297166891627,
                    79.14305948097035,
                    80.08382370096854
                ],
                "compressor_Tc": 20,
                "compressor_pi_stages": [
                    101325,
                    207622.32700089482,
                    425433.3152653984,
                    871743.9417627172,
                    1786267.0193704206,
                    3660191.613191603
                ],
                "compressor_po_stages": [
                    207622.32700089482,
                    425433.3152653984,
                    871743.9417627172,
                    1786267.0193704206,
                    3660191.613191603,
                    7499999.999999997
                ],
                "compressor_power_stages": [
                    216432.04717642072,
                    204802.67191357198,
                    202289.00109290154,
                    197027.46212827152,
                    185701.59266427724,
                    159062.02389630966
                ],
                "compressor_cooling_energy_stages": [
                    266102.89820824104,
                    207376.40832676325,
                    214680.01419519904,
                    231883.7156372517,
                    282457.30141370586,
                    1008375.5645479199
                ],
                "compressor_power": -1165314.7988717528,
                "cooling_energy": 2210875.9023290807,
                "cooling_power": -17687.007218632647
            },
            "conveying_power": -247345.87982679167,
            "calc_auxiliary_power": -1430347.6859171772,
            "calciner_capacity_factor": 1
        }
    },
    "metrics": {
        "energy": {
            "total_power": 19118591.51516928,
            "Q_hot_water": 15507749.876681475,
            "heat_storage_eff": 0.81113453699647,
            "total_sep_power": 611159.6099620743,
            "sep_eff1": 0.03869600207024003,
            "sep_eff2": 0.041778536506793605
        },
        "economic": {
            "construction": {
                "equipment": {
                    "Ccalc": 25.586005321785485,
                    "CCO2ct": 12.907303305125698,
                    "CHENCalc": 4.478023397066167,
                    "Ccarb": 3.333652287131154,
                    "CFF": 0.7405709119179501,
                    "CHENCarb": 1.502127594868498,
                    "CWaterPump": 0.2551532845093608,
                    "total": 48.802836102404314
                },
                "installation": 2.440141805120216,
                "labour": 25.621488953762263,
                "engineering&project": 17.935042267633584,
                "total as-spent": 107.12344531568
            },
            "operation": {
                "labour": 2.678086132892,
                "maintain": 2.678086132892,
                "electricity": 10.83593970601007,
                "total as-spent": 16.19211197179407
            }
        }
    },
    "comparison": {
        "specific_capture_energy": 0.7729734877059034,
        "LCOH1": 125.01777816067907,
        "LCOH2": 131.6974801828491,
        "specific_capture_cost": -25.508405605097302
    }
}