{
    "plant": {
        "carb": {
            "T_flue_gas_reactor_in": 85.00000134064665,
            "m_water_in": 147.08292483753382,
            "flue_gas_composition": {
                "co2": 0.15384615384615385,
                "n2": 0.8020006898930666,
                "o2": 0.04415315626077957
            },
            "deconbonized_rate": 0.9,
            "vol_rate_flue_gas": 17.066896238556655,
            "T_carb": 650,
            "p_amb": 101325,
            "T_amb": 20,
            "T_delta_pinch": 15,
            "T_flue_gas_in": 40,
            "p_flue_gas_in": 101325,
            "T_decarbonized_flue_gas_out": 40,
            "T_water_supply_in": 85,
            "T_water_prod_out": 110,
            "p_carb_o": 103392.85714285714,
            "p_carb_i": 118392.85714285714,
            "p_carb": 110892.85714285714,
            "p_water_supply_in": 101325,
            "cao_conversion": 0.5,
            "HTCW": 0,
            "HRCP": 1,
            "is_succeed": 1,
            "T_cao_reactor_in": 307.1063684535243,
            "deconbonized_flue_gas_composition": {
                "co2": 0.017857142857142853,
                "n2": 0.9308936579115951,
                "o2": 0.051249199231262005
            },
            "T_water_reactor_in": 110,
            "m_flue_gas_in": 20.368365343351233,
            "m_co2_capture": 4.064674512403639,
            "m_cao_in": 10.34644421339108,
            "m_deconbonized_flue_gas_out": 16.303690830947595,
            "m_cao_unr_out": 5.17322210669554,
            "m_caco3_out": 9.23789661909918,
            "Q_carbonation": -16107031.409786373,
            "delta_H_Tcarb": -174358.21241477618,
            "p_flue_gas_fan_out": 119588.7445887446,
            "T_flue_gas_fan_out": 58.06411719560799,
            "flue_gas_fan_power": -377801.93929177494,
            "p_water_after_pump": 201325,
            "water_pump_power": -20862.826218089907,
            "Q_hot_water": 15492250.135425078,
            "conveying_power": -247575.62939185803,
            "pinch_analysis_text": "Tmin 15 \n        CP    TSUPPLY    TTARGET\n 14.298366 650.000000  20.000000\n 17.604778 650.000000  40.000000\n 20.454401  58.064117  85.000001\n  9.250023  20.000000 307.106368\n619.690005  85.000000 110.000000",
            "total_HEN_area": 661.8700000000001,
            "hot_utility": 9.957900867624346,
            "cold_utility": 1047947.1128289168,
            "carb_auxiliary_power": -646240.3949017229,
            "carb_heat_rec_eff": 0.9421438848236398,
            "invCosts": {
                "Ccarb": 3.335200175035274,
                "CFF": 0.741031725139768,
                "CHENCarb": 1.6305096317153647,
                "CWaterPump": 0.25467983071217143,
                "total": 5.961421362602578,
                "specific": 0.04053102268116777
            }
        },
        "calc": {
            "p_calc": 101325,
            "mfrac": 0.665195941391493,
            "mass_camix_1": 9.586217687309592,
            "mass_camix_2": 4.8249010384851285,
            "mass_cao_out": 10.346444213391083,
            "mass_co2_out": 4.064674512403639,
            "T_cao_o": 40,
            "T_co2_o": 35,
            "T_camix_1": 857.7081111962603,
            "T_camix_2": 819.9587740359157,
            "T_camix_reactor_in": 845.0694799051961,
            "delta_H_Tcalc": 170584.76918679866,
            "Qe_calc": 16887759.87941869,
            "We_calc": 17058343.31254413,
            "HEN_area_cao_camix": 2769.6553670709986,
            "HEN_area_co2_camix": 337.9272418855138,
            "total_HEN_area": 3107.5826089565126,
            "CO2_compression_train": {
                "compressor_Ti": 35,
                "compressor_To_stages": [
                    93.95438673015866,
                    77.30483442382098,
                    77.58058758371487,
                    78.1297166891627,
                    79.14305948097035,
                    80.08382370096854
                ],
                "compressor_Tc": 20,
                "compressor_pi_stages": [
                    101325,
                    207622.32700089482,
                    425433.3152653984,
                    871743.9417627172,
                    1786267.0193704206,
                    3660191.613191603
                ],
                "compressor_po_stages": [
                    207622.32700089482,
                    425433.3152653984,
                    871743.9417627172,
                    1786267.0193704206,
                    3660191.613191603,
                    7499999.999999997
                ],
                "compressor_power_stages": [
                    216633.08213499788,
                    204992.9048167015,
                    202476.89914906223,
                    197210.47295409083,
                    185874.0833488871,
                    159209.77016495317
                ],
                "compressor_cooling_energy_stages": [
                    266350.0704076286,
                    207569.0318693566,
                    214879.4217613341,
                    232099.10302454492,
                    282719.6645555341,
                    1009312.2037494328
                ],
                "compressor_power": -1166397.2125686926,
                "cooling_energy": 2212929.495367831,
                "cooling_power": -17703.43596294265
            },
            "conveying_power": -247575.62939185803,
            "calc_auxiliary_power": -1431676.2779234932,
            "calciner_capacity_factor": 1
        }
    },
    "metrics": {
        "energy": {
            "total_power": 19136259.985369347,
            "Q_hot_water": 15492250.135425078,
            "heat_storage_eff": 0.8095756510033674,
            "total_sep_power": 611727.2913589637,
            "sep_eff1": 0.03947338546300563,
            "sep_eff2": 0.04268615864876486
        },
        "economic": {
            "construction": {
                "equipment": {
                    "Ccalc": 25.59741015382469,
                    "CCO2ct": 12.916731774856881,
                    "CHENCalc": 4.480809805055519,
                    "Ccarb": 3.335200175035274,
                    "CFF": 0.741031725139768,
                    "CHENCarb": 1.6305096317153647,
                    "CWaterPump": 0.25467983071217143,
                    "total": 48.95637309633967
                },
                "installation": 2.4478186548169836,
                "labour": 25.702095875578326,
                "engineering&project": 17.99146711290483,
                "total as-spent": 107.46046285579298
            },
            "operation": {
                "labour": 2.6865115713948247,
                "maintain": 2.6865115713948247,
                "electricity": 10.845953753207711,
                "total as-spent": 16.21897689599736
            }
        }
    },
    "comparison": {
        "specific_capture_energy": 0.7766030054304037,
        "LCOH1": 125.41088876005806,
        "LCOH2": 131.82924134401745,
        "specific_capture_cost": -24.46314542151376
    }
}