{
    "plant": {
        "carb": {
            "T_flue_gas_reactor_in": 58.06411725352963,
            "m_water_in": 147.93881345182862,
            "flue_gas_composition": {
                "co2": 0.15384615384615385,
                "n2": 0.8020006898930666,
                "o2": 0.04415315626077957
            },
            "deconbonized_rate": 0.9,
            "vol_rate_flue_gas": 16.902905166478018,
            "T_carb": 650,
            "p_amb": 101325,
            "T_amb": 20,
            "T_delta_pinch": 15,
            "T_flue_gas_in": 40,
            "p_flue_gas_in": 101325,
            "T_decarbonized_flue_gas_out": 40,
            "T_water_supply_in": 55,
            "T_water_prod_out": 80,
            "p_carb_o": 103392.85714285714,
            "p_carb_i": 118392.85714285714,
            "p_carb": 110892.85714285714,
            "p_water_supply_in": 101325,
            "cao_conversion": 0.5,
            "HTCW": 0,
            "HRCP": 1,
            "is_succeed": 1,
            "T_cao_reactor_in": 363.1950893684639,
            "deconbonized_flue_gas_composition": {
                "co2": 0.017857142857142853,
                "n2": 0.9308936579115951,
                "o2": 0.051249199231262005
            },
            "T_water_reactor_in": 80,
            "m_flue_gas_in": 20.172651370379423,
            "m_co2_capture": 4.025618182440496,
            "m_cao_in": 10.247028100757628,
            "m_deconbonized_flue_gas_out": 16.147033187938927,
            "m_cao_unr_out": 5.123514050378814,
            "m_caco3_out": 9.14913223281931,
            "Q_carbonation": -15952263.412607849,
            "delta_H_Tcarb": -174358.21241477618,
            "p_flue_gas_fan_out": 119588.7445887446,
            "T_flue_gas_fan_out": 58.06411719560799,
            "flue_gas_fan_power": -374171.7452487668,
            "p_water_after_pump": 201325,
            "water_pump_power": -20984.22885841541,
            "Q_hot_water": 15492254.289713401,
            "conveying_power": -245196.74383955752,
            "pinch_analysis_text": "Tmin 15 \n          CP    TSUPPLY    TTARGET\n1.416098e+01 650.000000  20.000000\n1.743562e+01 650.000000  40.000000\n1.057139e+06  58.064117  58.064117\n9.194577e+00  20.000000 363.195089\n6.196902e+02  55.000000  80.000000",
            "total_HEN_area": 443.113,
            "hot_utility": 0.0,
            "cold_utility": 909356.9281676469,
            "carb_auxiliary_power": -640352.7179467398,
            "carb_heat_rec_eff": 0.951285345025244,
            "invCosts": {
                "Ccarb": 3.3191379909374215,
                "CFF": 0.7362534824032415,
                "CHENCarb": 1.2461501415681195,
                "CWaterPump": 0.25549386900927173,
                "total": 5.557035483918054,
                "specific": 0.03756306647496209
            }
        },
        "calc": {
            "p_calc": 101325,
            "mfrac": 0.6651959413978686,
            "mass_camix_1": 9.494106380590766,
            "mass_camix_2": 4.778539902607357,
            "mass_cao_out": 10.247028100757628,
            "mass_co2_out": 4.025618182440496,
            "T_cao_o": 40,
            "T_co2_o": 35,
            "T_camix_1": 857.7081111882541,
            "T_camix_2": 819.958774051105,
            "T_camix_reactor_in": 845.0694799051964,
            "delta_H_Tcalc": 170584.76918679866,
            "Qe_calc": 16725490.07892761,
            "We_calc": 16894434.4231592,
            "HEN_area_cao_camix": 2743.0425165816705,
            "HEN_area_co2_camix": 334.68019278999157,
            "total_HEN_area": 3077.722709371662,
            "CO2_compression_train": {
                "compressor_Ti": 35,
                "compressor_To_stages": [
                    93.95438673015866,
                    77.30483442382098,
                    77.58058758371487,
                    78.1297166891627,
                    79.14305948097035,
                    80.08382370096854
                ],
                "compressor_Tc": 20,
                "compressor_pi_stages": [
                    101325,
                    207622.32700089482,
                    425433.3152653984,
                    871743.9417627172,
                    1786267.0193704206,
                    3660191.613191603
                ],
                "compressor_po_stages": [
                    207622.32700089482,
                    425433.3152653984,
                    871743.9417627172,
                    1786267.0193704206,
                    3660191.613191603,
                    7499999.999999997
                ],
                "compressor_power_stages": [
                    214551.51493669502,
                    203023.18485359193,
                    200531.35478654367,
                    195315.53222012107,
                    184088.07083823765,
                    157679.96764375662
                ],
                "compressor_cooling_energy_stages": [
                    263790.7864591102,
                    205574.55861594333,
                    212814.70499914564,
                    229868.9271213542,
                    280003.0897173141,
                    999614.0027384609
                ],
                "compressor_power": -1155189.625278946,
                "cooling_energy": 2191666.0696513285,
                "cooling_power": -17533.32855721063
            },
            "conveying_power": -245196.74383955752,
            "calc_auxiliary_power": -1417919.6976757143,
            "calciner_capacity_factor": 1
        }
    },
    "metrics": {
        "energy": {
            "total_power": 18952706.838781655,
            "Q_hot_water": 15492254.289713401,
            "heat_storage_eff": 0.8174164472386941,
            "total_sep_power": 605849.3734922644,
            "sep_eff1": 0.03712180193358807,
            "sep_eff2": 0.039949471826518076
        },
        "economic": {
            "construction": {
                "equipment": {
                    "Ccalc": 25.479053724751548,
                    "CCO2ct": 12.819016151901183,
                    "CHENCalc": 4.45191711887348,
                    "Ccarb": 3.3191379909374215,
                    "CFF": 0.7362534824032415,
                    "CHENCarb": 1.2461501415681195,
                    "CWaterPump": 0.25549386900927173,
                    "total": 48.30702247944427
                },
                "installation": 2.4153511239722136,
                "labour": 25.361186801708243,
                "engineering&project": 17.752830761195767,
                "total as-spent": 106.03512201794216
            },
            "operation": {
                "labour": 2.6508780504485543,
                "maintain": 2.6508780504485543,
                "electricity": 10.741920418550473,
                "total as-spent": 16.04367651944758
            }
        }
    },
    "comparison": {
        "specific_capture_energy": 0.7385413025034896,
        "LCOH1": 123.95530711758518,
        "LCOH2": 131.82920599366315,
        "specific_capture_cost": -30.302040111945367
    }
}