{
    "plant": {
        "carb": {
            "T_flue_gas_reactor_in": 65.00000249554559,
            "m_water_in": 147.7157849695169,
            "flue_gas_composition": {
                "co2": 0.15384615384615385,
                "n2": 0.8020006898930666,
                "o2": 0.04415315626077957
            },
            "deconbonized_rate": 0.9,
            "vol_rate_flue_gas": 17.000532542377922,
            "T_carb": 650,
            "p_amb": 101325,
            "T_amb": 20,
            "T_delta_pinch": 15,
            "T_flue_gas_in": 40,
            "p_flue_gas_in": 101325,
            "T_decarbonized_flue_gas_out": 40,
            "T_water_supply_in": 65,
            "T_water_prod_out": 90,
            "p_carb_o": 103392.85714285714,
            "p_carb_i": 118392.85714285714,
            "p_carb": 110892.85714285714,
            "p_water_supply_in": 101325,
            "cao_conversion": 0.5,
            "HTCW": 0,
            "HRCP": 1,
            "is_succeed": 1,
            "T_cao_reactor_in": 348.8529933398587,
            "deconbonized_flue_gas_composition": {
                "co2": 0.017857142857142853,
                "n2": 0.9308936579115951,
                "o2": 0.051249199231262005
            },
            "T_water_reactor_in": 90,
            "m_flue_gas_in": 20.289164064430356,
            "m_co2_capture": 4.048869247015244,
            "m_cao_in": 10.306212628766076,
            "m_deconbonized_flue_gas_out": 16.240294817415112,
            "m_cao_unr_out": 5.153106314383038,
            "m_caco3_out": 9.201975561398283,
            "Q_carbonation": -16044400.09569861,
            "delta_H_Tcarb": -174358.21241477618,
            "p_flue_gas_fan_out": 119588.7445887446,
            "T_flue_gas_fan_out": 58.06411719560799,
            "flue_gas_fan_power": -376332.87703438255,
            "p_water_after_pump": 201325,
            "water_pump_power": -20952.593612697434,
            "Q_hot_water": 15492250.43608921,
            "conveying_power": -246612.94504547399,
            "pinch_analysis_text": "Tmin 15 \n        CP    TSUPPLY    TTARGET\n 14.242768 650.000000  20.000000\n 17.536323 650.000000  40.000000\n 20.333956  58.064117  65.000002\n  9.236617  20.000000 348.852993\n619.690017  65.000000  90.000000",
            "total_HEN_area": 505.404,
            "hot_utility": 9.976312593376726,
            "cold_utility": 999337.2952568496,
            "carb_auxiliary_power": -643898.415692554,
            "carb_heat_rec_eff": 0.9458216758780333,
            "invCosts": {
                "Ccarb": 3.3287094871325333,
                "CFF": 0.7390999051542287,
                "CHENCarb": 1.3609543998390068,
                "CWaterPump": 0.2552819505600541,
                "total": 5.684045742685822,
                "specific": 0.03847960963588827
            }
        },
        "calc": {
            "p_calc": 101325,
            "mfrac": 0.6651959413715625,
            "mass_camix_1": 9.548942201826211,
            "mass_camix_2": 4.80613967395511,
            "mass_cao_out": 10.306212628766076,
            "mass_co2_out": 4.048869247015244,
            "T_cao_o": 40,
            "T_co2_o": 35,
            "T_camix_1": 857.7081112212875,
            "T_camix_2": 819.9587739884323,
            "T_camix_reactor_in": 845.0694799051939,
            "delta_H_Tcalc": 170584.76918679866,
            "Qe_calc": 16822092.745212737,
            "We_calc": 16992012.87395226,
            "HEN_area_cao_camix": 2758.8857139907814,
            "HEN_area_co2_camix": 336.61323009002797,
            "total_HEN_area": 3095.4989440808095,
            "CO2_compression_train": {
                "compressor_Ti": 35,
                "compressor_To_stages": [
                    93.95438673015866,
                    77.30483442382098,
                    77.58058758371487,
                    78.1297166891627,
                    79.14305948097035,
                    80.08382370096854
                ],
                "compressor_Tc": 20,
                "compressor_pi_stages": [
                    101325,
                    207622.32700089482,
                    425433.3152653984,
                    871743.9417627172,
                    1786267.0193704206,
                    3660191.613191603
                ],
                "compressor_po_stages": [
                    207622.32700089482,
                    425433.3152653984,
                    871743.9417627172,
                    1786267.0193704206,
                    3660191.613191603,
                    7499999.999999997
                ],
                "compressor_power_stages": [
                    215790.7161977989,
                    204195.80107482034,
                    201689.57875814172,
                    196443.63077450212,
                    185151.3221026449,
                    158590.6916477918
                ],
                "compressor_cooling_energy_stages": [
                    265314.3826702307,
                    206761.91099778467,
                    214043.87483695455,
                    231196.59830774236,
                    281620.3245431463,
                    1005387.5482348705
                ],
                "compressor_power": -1161861.7405557,
                "cooling_energy": 2204324.639590729,
                "cooling_power": -17634.597116725832
            },
            "conveying_power": -246612.94504547399,
            "calc_auxiliary_power": -1426109.2827178997,
            "calciner_capacity_factor": 1
        }
    },
    "metrics": {
        "energy": {
            "total_power": 19062020.572362714,
            "Q_hot_water": 15492250.43608921,
            "heat_storage_eff": 0.8127286599695955,
            "total_sep_power": 609348.6231148649,
            "sep_eff1": 0.03790479021613166,
            "sep_eff2": 0.04085774727706415
        },
        "economic": {
            "construction": {
                "equipment": {
                    "Ccalc": 25.54958537201129,
                    "CCO2ct": 12.877212596637175,
                    "CHENCalc": 4.4691286353129644,
                    "Ccarb": 3.3287094871325333,
                    "CFF": 0.7390999051542287,
                    "CHENCarb": 1.3609543998390068,
                    "CWaterPump": 0.2552819505600541,
                    "total": 48.57997234664725
                },
                "installation": 2.428998617332363,
                "labour": 25.504485481989807,
                "engineering&project": 17.853139837392863,
                "total as-spent": 106.63425380019937
            },
            "operation": {
                "labour": 2.6658563450049844,
                "maintain": 2.6658563450049844,
                "electricity": 10.803876709900877,
                "total as-spent": 16.135589399910845
            }
        }
    },
    "comparison": {
        "specific_capture_energy": 0.7612987333919673,
        "LCOH1": 124.66230712192863,
        "LCOH2": 131.8292387855561,
        "specific_capture_cost": -27.422940435309183
    }
}