{
  "carb": {
    "T_flue_gas_reactor_in": 623.7142444510459,
    "T_cao_reactor_in": 634.999739170044,
    "T_water_reactor_in": 24.136381191960833,
    "flue_gas_composition": {
      "co2": 0.15384615384615385,
      "n2": 0.8020006898930666,
      "o2": 0.04415315626077957
    },
    "deconbonized_rate": 0.9,
    "vol_rate_flue_gas": 1.6666666666666667,
    "T_carb": 650,
    "p_amb": 101325,
    "T_amb": 20,
    "T_delta_pinch": 15,
    "T_flue_gas_in": 40,
    "p_flue_gas_in": 101325,
    "T_decarbonized_flue_gas_out": 40,
    "T_water_reactor_out": 80,
    "p_carb": 105546.875,
    "p_water": 101325,
    "cao_conversion": 0.5,
    "deconbonized_flue_gas_composition": {
      "co2": 0.017857142857142853,
      "n2": 0.9308936579115951,
      "o2": 0.051249199231262005
    },
    "m_flue_gas_in": 1.9890714221113102,
    "m_water_in": 6.337292967784076,
    "m_co2_capture": 0.3969355309823837,
    "m_cao_in": 1.0103813515915223,
    "m_deconbonized_flue_gas_out": 1.5921358911289265,
    "m_cao_unr_out": 0.5051906757957612,
    "m_caco3_out": 0.9021262067781448,
    "toatal_Q_heat": -1572912.1370699273,
    "delta_H_Tcarb": -174356.10729982323,
    "p_flue_gas_compressor_out": 109944.66145833334,
    "T_flue_gas_compressor_out": 48.10128136834442,
    "flue_gas_compressor_power": -16521.568582234693,
    "Q_hot_water": 1590964.4888209982,
    "conveying_power": -24176.982341654282,
    "hot_utility": 99.98679402688992,
    "cold_utility": 20944.590000000015,
    "cooling_power": -167.55672000000013,
    "carb_auxiliary_power": -40866.10764388897,
    "carb_heat_rec_eff": 0.9907618621601452
  },
  "calc": {
    "mfrac": 0.6651959414311627,
    "mass_camix_1": 0.9361414785957184,
    "mass_camix_2": 0.4711754039781876,
    "mass_cao_out": 1.0103813515915223,
    "mass_co2_out": 0.3969355309823837,
    "T_cao_o": 40,
    "T_co2_o": 35,
    "T_camix_1": 857.7081111464458,
    "T_camix_2": 819.9587741304259,
    "T_camix_reactor_in": 845.0694799051995,
    "delta_H_Tcalc": 170584.76918679866,
    "Qe_calc": 1649173.1169086918,
    "We_calc": 1665831.4312209007,
    "compressor_Ti": 35,
    "compressor_To_stages": [
      93.95438673015866, 77.30483442382098, 77.58058758371487, 78.1297166891627,
      79.14305948097035, 80.08382370096854
    ],
    "compressor_Tc": 20,
    "compressor_pi_stages": [
      101325, 207622.32700089482, 425433.3152653984, 871743.9417627172,
      1786267.0193704206, 3660191.613191603
    ],
    "compressor_po_stages": [
      207622.32700089482, 425433.3152653984, 871743.9417627172,
      1786267.0193704206, 3660191.613191603, 7499999.999999997
    ],
    "compressor_power_stages": [
      21155.289857331296, 20018.569081665843, 19772.868708218593,
      19258.576193110333, 18151.521787245063, 15547.619979204213
    ],
    "compressor_cooling_energy_stages": [
      26010.39918493443, 20270.140605142893, 20984.03626507961,
      22665.623143611258, 27608.970860289217, 98564.31906164312
    ],
    "compressor_power": -113904.44560677533,
    "cooling_energy": 216103.48912070054,
    "conveying_power": -24176.982341654282,
    "cooling_power": -1728.8279129656044,
    "calc_auxiliary_power": -139810.2558613952
  }
}
