Tmin, 15,
CP,TSUPPLY,TTARGET
1.4037869075645344,600,20.0
1.7657938487607232,600,40.0
2.1246164649068016,40,579.4480705932748
0.9986714592452743,20,585.0
2.122692619993174,20,53.78498914532105
