{
    "plant": {
        "carb": {
            "T_flue_gas_reactor_in": 60.00000224081826,
            "m_water_in": 147.98227957192668,
            "flue_gas_composition": {
                "co2": 0.15384615384615385,
                "n2": 0.8020006898930666,
                "o2": 0.04415315626077957
            },
            "deconbonized_rate": 0.9,
            "vol_rate_flue_gas": 16.828143562680346,
            "T_carb": 650,
            "p_amb": 101325,
            "T_amb": 20,
            "T_delta_pinch": 10,
            "T_flue_gas_in": 40,
            "p_flue_gas_in": 101325,
            "T_decarbonized_flue_gas_out": 40,
            "T_water_supply_in": 60,
            "T_water_prod_out": 85,
            "p_carb_o": 103392.85714285714,
            "p_carb_i": 118392.85714285714,
            "p_carb": 110892.85714285714,
            "p_water_supply_in": 101325,
            "cao_conversion": 0.5,
            "HTCW": 0,
            "HRCP": 1,
            "is_succeed": 1,
            "T_cao_reactor_in": 359.1987551048424,
            "deconbonized_flue_gas_composition": {
                "co2": 0.017857142857142853,
                "n2": 0.9308936579115951,
                "o2": 0.051249199231262005
            },
            "T_water_reactor_in": 85,
            "m_flue_gas_in": 20.083427668628328,
            "m_co2_capture": 4.007812860300183,
            "m_cao_in": 10.201705462582284,
            "m_deconbonized_flue_gas_out": 16.075614808328147,
            "m_cao_unr_out": 5.100852731291142,
            "m_caco3_out": 9.108665591591325,
            "Q_carbonation": -15881706.500338433,
            "delta_H_Tcarb": -174358.21241477618,
            "p_flue_gas_fan_out": 119588.7445887446,
            "T_flue_gas_fan_out": 58.06411719560799,
            "flue_gas_fan_power": -372516.78241870546,
            "p_water_after_pump": 201325,
            "water_pump_power": -20990.394265521518,
            "Q_hot_water": 15507750.03687415,
            "conveying_power": -244112.23785464754,
            "pinch_analysis_text": "Tmin 10 \n        CP    TSUPPLY    TTARGET\n 14.098343 650.000000  20.000000\n 17.358501 650.000000  40.000000\n 20.138780  58.064117  60.000002\n  9.148532  20.000000 359.198755\n620.310001  60.000000  85.000000",
            "total_HEN_area": 527.2929999999999,
            "hot_utility": 9.929755219761232,
            "cold_utility": 820744.5781572592,
            "carb_auxiliary_power": -637619.4145388745,
            "carb_heat_rec_eff": 0.9564667170226102,
            "invCosts": {
                "Ccarb": 3.3117895774255675,
                "CFF": 0.734070064473202,
                "CHENCarb": 1.4001691540415018,
                "CWaterPump": 0.2555351531462161,
                "total": 5.701563949086488,
                "specific": 0.0385286938786157
            }
        },
        "calc": {
            "p_calc": 101325,
            "mfrac": 0.6651959414263195,
            "mass_camix_1": 9.45211391800434,
            "mass_camix_2": 4.757404404878127,
            "mass_cao_out": 10.201705462582284,
            "mass_co2_out": 4.007812860300183,
            "T_cao_o": 40,
            "T_co2_o": 35,
            "T_camix_1": 857.7081111525274,
            "T_camix_2": 819.9587741188874,
            "T_camix_reactor_in": 845.069479905199,
            "delta_H_Tcalc": 170584.76918679866,
            "Qe_calc": 16651513.182631496,
            "We_calc": 16819710.28548636,
            "HEN_area_cao_camix": 2730.9100294314826,
            "HEN_area_co2_camix": 333.1999014019281,
            "total_HEN_area": 3064.1099308334105,
            "CO2_compression_train": {
                "compressor_Ti": 35,
                "compressor_To_stages": [
                    93.95438673015866,
                    77.30483442382098,
                    77.58058758371487,
                    78.1297166891627,
                    79.14305948097035,
                    80.08382370096854
                ],
                "compressor_Tc": 20,
                "compressor_pi_stages": [
                    101325,
                    207622.32700089482,
                    425433.3152653984,
                    871743.9417627172,
                    1786267.0193704206,
                    3660191.613191603
                ],
                "compressor_po_stages": [
                    207622.32700089482,
                    425433.3152653984,
                    871743.9417627172,
                    1786267.0193704206,
                    3660191.613191603,
                    7499999.999999997
                ],
                "compressor_power_stages": [
                    213602.55289757182,
                    202125.21265542405,
                    199644.40396075937,
                    194451.65099428713,
                    183273.848710128,
                    156982.54864082742
                ],
                "compressor_cooling_energy_stages": [
                    262624.0389640202,
                    204665.3016834365,
                    211873.42487595015,
                    228852.21611898023,
                    278764.6351528831,
                    995192.7067962968
                ],
                "compressor_power": -1150080.2178589976,
                "cooling_energy": 2181972.323591567,
                "cooling_power": -17455.778588732537
            },
            "conveying_power": -244112.23785464748,
            "calc_auxiliary_power": -1411648.2343023776,
            "calciner_capacity_factor": 1
        }
    },
    "metrics": {
        "energy": {
            "total_power": 18868977.93432761,
            "Q_hot_water": 15507750.03687415,
            "heat_storage_eff": 0.8218648668119695,
            "total_sep_power": 603169.6997689613,
            "sep_eff1": 0.037570123039831024,
            "sep_eff2": 0.040469172021295956
        },
        "economic": {
            "construction": {
                "equipment": {
                    "Ccalc": 25.42489828947348,
                    "CCO2ct": 12.774401649866979,
                    "CHENCalc": 4.438714605484827,
                    "Ccarb": 3.3117895774255675,
                    "CFF": 0.734070064473202,
                    "CHENCarb": 1.4001691540415018,
                    "CWaterPump": 0.2555351531462161,
                    "total": 48.339578493911766
                },
                "installation": 2.4169789246955884,
                "labour": 25.37827870930368,
                "engineering&project": 17.764795096512575,
                "total as-spent": 106.10658328359865
            },
            "operation": {
                "labour": 2.6526645820899666,
                "maintain": 2.6526645820899666,
                "electricity": 10.694464968728534,
                "total as-spent": 15.999794132908466
            }
        }
    },
    "comparison": {
        "specific_capture_energy": 0.720930964618662,
        "LCOH1": 123.62969023914674,
        "LCOH2": 131.69747882243445,
        "specific_capture_cost": -31.21733799980918
    }
}