{
    "plant": {
        "carb": {
            "T_flue_gas_reactor_in": 60.00000023726385,
            "m_water_in": 147.8343724260881,
            "flue_gas_composition": {
                "co2": 0.15384615384615385,
                "n2": 0.8020006898930666,
                "o2": 0.04415315626077957
            },
            "deconbonized_rate": 0.9,
            "vol_rate_flue_gas": 17.1593954650942,
            "T_carb": 650,
            "p_amb": 101325,
            "T_amb": 20,
            "T_delta_pinch": 20,
            "T_flue_gas_in": 40,
            "p_flue_gas_in": 101325,
            "T_decarbonized_flue_gas_out": 40,
            "T_water_supply_in": 60,
            "T_water_prod_out": 85,
            "p_carb_o": 103392.85714285714,
            "p_carb_i": 118392.85714285714,
            "p_carb": 110892.85714285714,
            "p_water_supply_in": 101325,
            "cao_conversion": 0.5,
            "HTCW": 0,
            "HRCP": 1,
            "is_succeed": 1,
            "T_cao_reactor_in": 359.1987592432295,
            "deconbonized_flue_gas_composition": {
                "co2": 0.017857142857142853,
                "n2": 0.9308936579115951,
                "o2": 0.051249199231262005
            },
            "T_water_reactor_in": 85,
            "m_flue_gas_in": 20.47875788419517,
            "m_co2_capture": 4.086704250164323,
            "m_cao_in": 10.402519909509186,
            "m_deconbonized_flue_gas_out": 16.392053634030844,
            "m_cao_unr_out": 5.201259954754593,
            "m_caco3_out": 9.287964204918916,
            "Q_carbonation": -16194328.3574209,
            "delta_H_Tcarb": -174358.21241477618,
            "p_flue_gas_fan_out": 119588.7445887446,
            "T_flue_gas_fan_out": 58.06411719560799,
            "flue_gas_fan_power": -379849.551621539,
            "p_water_after_pump": 201325,
            "water_pump_power": -20969.414528523135,
            "Q_hot_water": 15492250.160449978,
            "conveying_power": -248917.44069182692,
            "pinch_analysis_text": "Tmin 20 \n        CP    TSUPPLY    TTARGET\n 14.375860 650.000000  20.000000\n 17.700193 650.000000  40.000000\n 20.535200  58.064117  60.000000\n  9.328615  20.000000 359.198759\n619.690006  60.000000  85.000000",
            "total_HEN_area": 424.213,
            "hot_utility": 9.971188785129925,
            "cold_utility": 1157660.9754184003,
            "carb_auxiliary_power": -649736.406841889,
            "carb_heat_rec_eff": 0.9370651793837842,
            "invCosts": {
                "Ccarb": 3.344226027016642,
                "CFF": 0.7437202096530697,
                "CHENCarb": 1.2102829745913213,
                "CWaterPump": 0.255394648563674,
                "total": 5.5536238598247065,
                "specific": 0.037566526435530545
            }
        },
        "calc": {
            "p_calc": 101325,
            "mfrac": 0.6651959414207563,
            "mass_camix_1": 9.638173105350386,
            "mass_camix_2": 4.851051054323122,
            "mass_cao_out": 10.402519909509186,
            "mass_co2_out": 4.086704250164323,
            "T_cao_o": 40,
            "T_co2_o": 35,
            "T_camix_1": 857.7081111595135,
            "T_camix_2": 819.9587741056336,
            "T_camix_reactor_in": 845.0694799051987,
            "delta_H_Tcalc": 170584.76918679866,
            "Qe_calc": 16979288.222062975,
            "We_calc": 17150796.183901995,
            "HEN_area_cao_camix": 2784.666353980876,
            "HEN_area_co2_camix": 339.7587413721655,
            "total_HEN_area": 3124.4250953530413,
            "CO2_compression_train": {
                "compressor_Ti": 35,
                "compressor_To_stages": [
                    93.95438673015866,
                    77.30483442382098,
                    77.58058758371487,
                    78.1297166891627,
                    79.14305948097035,
                    80.08382370096854
                ],
                "compressor_Tc": 20,
                "compressor_pi_stages": [
                    101325,
                    207622.32700089482,
                    425433.3152653984,
                    871743.9417627172,
                    1786267.0193704206,
                    3660191.613191603
                ],
                "compressor_po_stages": [
                    207622.32700089482,
                    425433.3152653984,
                    871743.9417627172,
                    1786267.0193704206,
                    3660191.613191603,
                    7499999.999999997
                ],
                "compressor_power_stages": [
                    217807.1909043863,
                    206103.92611056703,
                    203574.28418622544,
                    198279.3149953371,
                    186881.48438436684,
                    160072.65585849882
                ],
                "compressor_cooling_energy_stages": [
                    267793.6354915522,
                    208694.0152660264,
                    216044.0260358275,
                    233357.03459041024,
                    284251.94962557877,
                    1014782.477715874
                ],
                "compressor_power": -1172718.8564393814,
                "cooling_energy": 2224923.138725269,
                "cooling_power": -17799.385109802155
            },
            "conveying_power": -248917.44069182692,
            "calc_auxiliary_power": -1439435.6822410105,
            "calciner_capacity_factor": 1
        }
    },
    "metrics": {
        "energy": {
            "total_power": 19239968.272984896,
            "Q_hot_water": 15492250.160449978,
            "heat_storage_eff": 0.8052118351048874,
            "total_sep_power": 615042.7331658213,
            "sep_eff1": 0.03743798491831792,
            "sep_eff2": 0.04031589618884778
        },
        "economic": {
            "construction": {
                "equipment": {
                    "Ccalc": 25.66390838260954,
                    "CCO2ct": 12.971759825839923,
                    "CHENCalc": 4.497066311385525,
                    "Ccarb": 3.344226027016642,
                    "CFF": 0.7437202096530697,
                    "CHENCarb": 1.2102829745913213,
                    "CWaterPump": 0.255394648563674,
                    "total": 48.686358379659694
                },
                "installation": 2.434317918982985,
                "labour": 25.56033814932134,
                "engineering&project": 17.892236704524937,
                "total as-spent": 106.8677738023125
            },
            "operation": {
                "labour": 2.6716943450578126,
                "maintain": 2.6716943450578126,
                "electricity": 10.904733017921016,
                "total as-spent": 16.248121708036642
            }
        }
    },
    "comparison": {
        "specific_capture_energy": 0.7977936573006181,
        "LCOH1": 125.33826297857537,
        "LCOH2": 131.8292411310714,
        "specific_capture_cost": -24.60659033998862
    }
}