{
    "plant": {
        "carb": {
            "T_flue_gas_reactor_in": 60.00000135673642,
            "m_water_in": 147.83437313137244,
            "flue_gas_composition": {
                "co2": 0.15384615384615385,
                "n2": 0.8020006898930666,
                "o2": 0.04415315626077957
            },
            "deconbonized_rate": 0.9,
            "vol_rate_flue_gas": 17.522185221228494,
            "T_carb": 650,
            "p_amb": 101325,
            "T_amb": 20,
            "T_delta_pinch": 30,
            "T_flue_gas_in": 40,
            "p_flue_gas_in": 101325,
            "T_decarbonized_flue_gas_out": 40,
            "T_water_supply_in": 60,
            "T_water_prod_out": 85,
            "p_carb_o": 103392.85714285714,
            "p_carb_i": 118392.85714285714,
            "p_carb": 110892.85714285714,
            "p_water_supply_in": 101325,
            "cao_conversion": 0.5,
            "HTCW": 0,
            "HRCP": 1,
            "is_succeed": 1,
            "T_cao_reactor_in": 359.19875693093394,
            "deconbonized_flue_gas_composition": {
                "co2": 0.017857142857142853,
                "n2": 0.9308936579115951,
                "o2": 0.051249199231262005
            },
            "T_water_reactor_in": 85,
            "m_flue_gas_in": 20.911726725892045,
            "m_co2_capture": 4.173106736856004,
            "m_cao_in": 10.622453511997103,
            "m_deconbonized_flue_gas_out": 16.73861998903604,
            "m_cao_unr_out": 5.311226755998551,
            "m_caco3_out": 9.484333492854557,
            "Q_carbonation": -16536714.337597108,
            "delta_H_Tcarb": -174358.21241477618,
            "p_flue_gas_fan_out": 119588.7445887446,
            "T_flue_gas_fan_out": 58.06411719560799,
            "flue_gas_fan_power": -387880.4596148203,
            "p_water_after_pump": 201325,
            "water_pump_power": -20969.414628563467,
            "Q_hot_water": 15492250.234359998,
            "conveying_power": -254180.13760850212,
            "pinch_analysis_text": "Tmin 30 \n        CP    TSUPPLY    TTARGET\n 14.679800 650.000000  20.000000\n 18.074416 650.000000  40.000000\n 20.969362  58.064117  60.000001\n  9.525844  20.000000 359.198757\n619.690009  60.000000  85.000000",
            "total_HEN_area": 372.81499999999994,
            "hot_utility": 9.970145268231011,
            "cold_utility": 1509678.808583355,
            "carb_auxiliary_power": -663030.0118518858,
            "carb_heat_rec_eff": 0.9176636398427058,
            "invCosts": {
                "Ccarb": 3.3793934987962313,
                "CFF": 0.7542188683185935,
                "CHENCarb": 1.109957179974843,
                "CWaterPump": 0.25539464923381056,
                "total": 5.498964196323478,
                "specific": 0.03719679043409509
            }
        },
        "calc": {
            "p_calc": 101325,
            "mfrac": 0.66519594141954,
            "mass_camix_1": 9.841946628565365,
            "mass_camix_2": 4.953613620287741,
            "mass_cao_out": 10.622453511997103,
            "mass_co2_out": 4.173106736856004,
            "T_cao_o": 40,
            "T_co2_o": 35,
            "T_camix_1": 857.708111161041,
            "T_camix_2": 819.9587741027357,
            "T_camix_reactor_in": 845.0694799051986,
            "delta_H_Tcalc": 170584.76918679866,
            "Qe_calc": 17338270.089806903,
            "We_calc": 17513404.131118085,
            "HEN_area_cao_camix": 2843.5407141249307,
            "HEN_area_co2_camix": 346.94203585600167,
            "total_HEN_area": 3190.4827499809326,
            "CO2_compression_train": {
                "compressor_Ti": 35,
                "compressor_To_stages": [
                    93.95438673015866,
                    77.30483442382098,
                    77.58058758371487,
                    78.1297166891627,
                    79.14305948097035,
                    80.08382370096854
                ],
                "compressor_Tc": 20,
                "compressor_pi_stages": [
                    101325,
                    207622.32700089482,
                    425433.3152653984,
                    871743.9417627172,
                    1786267.0193704206,
                    3660191.613191603
                ],
                "compressor_po_stages": [
                    207622.32700089482,
                    425433.3152653984,
                    871743.9417627172,
                    1786267.0193704206,
                    3660191.613191603,
                    7499999.999999997
                ],
                "compressor_power_stages": [
                    222412.14437336123,
                    210461.44518774407,
                    207878.32071626346,
                    202471.4034916924,
                    190832.59608196342,
                    163456.96621493335
                ],
                "compressor_cooling_energy_stages": [
                    273455.41931790696,
                    213106.29488619498,
                    220611.70207542035,
                    238290.74812615177,
                    290261.70070889266,
                    1036237.3528814237
                ],
                "compressor_power": -1197512.8760659578,
                "cooling_energy": 2271963.21799599,
                "cooling_power": -18175.70574396792
            },
            "conveying_power": -254180.1376085021,
            "calc_auxiliary_power": -1469868.719418428,
            "calciner_capacity_factor": 1
        }
    },
    "metrics": {
        "energy": {
            "total_power": 19646302.8623884,
            "Q_hot_water": 15492250.234359998,
            "heat_storage_eff": 0.7885580479378097,
            "total_sep_power": 628046.1751362156,
            "sep_eff1": 0.03730677299645523,
            "sep_eff2": 0.04016377699599114
        },
        "economic": {
            "construction": {
                "equipment": {
                    "Ccalc": 25.922937470496024,
                    "CCO2ct": 13.186977372486522,
                    "CHENCalc": 4.5605487388119865,
                    "Ccarb": 3.3793934987962313,
                    "CFF": 0.7542188683185935,
                    "CHENCarb": 1.109957179974843,
                    "CWaterPump": 0.25539464923381056,
                    "total": 49.16942777811801
                },
                "installation": 2.4584713889059007,
                "labour": 25.813949583511956,
                "engineering&project": 18.06976470845837,
                "total as-spent": 107.92812320866348
            },
            "operation": {
                "labour": 2.698203080216587,
                "maintain": 2.698203080216587,
                "electricity": 11.135033304830186,
                "total as-spent": 16.53143946526336
            }
        }
    },
    "comparison": {
        "specific_capture_energy": 0.8786454674319055,
        "LCOH1": 127.21923282282528,
        "LCOH2": 131.82924050214393,
        "specific_capture_cost": -17.114202212841747
    }
}